t,global_track_id,vehicle_id_oracle,segment_id,update_kind,true_x,true_y,true_distance_m,gps_x,gps_y,gps_distance_m,cam_x,cam_y,cam_distance_m,das_x,das_y,das_fiber_position_m,das_distance_m,x_hat,y_hat,vx_hat,vy_hat,ax_hat,ay_hat,distance_hat_m,sigma_pos_m,sigma_vel_mps,pos_err_m
0.2101,T000001,veh1,seg1,position+velocity,-107.1530,-6.4676,3.7939,,,,-107.0727,-6.4082,3.7939,,,,,-107.0739,-6.4091,15.5572,0.5805,0.0000,0.0000,0.0000,0.3051,1.3076,0.0984
0.2231,T000001,veh1,seg1,prediction_only,-106.9673,-6.5504,3.9972,,,,,,,,,,,-106.8724,-6.4016,15.5572,0.5805,0.0000,0.0000,0.2017,0.3055,1.3079,0.1765
0.2360,T000001,veh1,seg1,prediction_only,-106.7682,-6.4589,4.2162,,,,,,,,,,,-106.6709,-6.3940,15.5572,0.5805,0.0000,0.0000,0.4034,0.3069,1.3091,0.1170
0.2490,T000001,veh1,seg1,prediction_only,-106.5679,-6.3275,4.4558,,,,,,,,,,,-106.4693,-6.3865,15.5572,0.5805,0.0000,0.0000,0.6050,0.3093,1.3118,0.1149
0.2619,T000001,veh1,seg1,prediction_only,-106.3625,-6.4261,4.6837,,,,,,,,,,,-106.2678,-6.3790,15.5572,0.5805,0.0000,0.0000,0.8067,0.3125,1.3163,0.1058
0.2749,T000001,veh1,seg1,prediction_only,-106.1696,-6.3883,4.8802,,,,,,,,,,,-106.0662,-6.3715,15.5572,0.5805,0.0000,0.0000,1.0084,0.3166,1.3232,0.1048
0.2878,T000001,veh1,seg1,prediction_only,-105.9557,-6.3403,5.0995,,,,,,,,,,,-105.8647,-6.3640,15.5572,0.5805,0.0000,0.0000,1.2101,0.3217,1.3330,0.0940
0.3008,T000001,veh1,seg1,prediction_only,-105.7549,-6.3376,5.3003,,,,,,,,,,,-105.6632,-6.3564,15.5572,0.5805,0.0000,0.0000,1.4118,0.3275,1.3461,0.0936
0.3132,T000001,veh1,seg1,position+velocity,-105.5539,-6.2838,5.5084,,,,-104.9679,-6.4294,6.4835,,,,,-105.2035,-6.3918,15.8413,0.5352,0.0173,-0.0028,1.8728,0.2214,1.0166,0.3666
0.3261,T000001,veh1,seg1,prediction_only,-105.3481,-6.0100,5.8508,,,,,,,,,,,-104.9983,-6.3848,15.8415,0.5351,0.0173,-0.0028,2.0781,0.2248,1.0213,0.5128
0.3391,T000001,veh1,seg1,prediction_only,-105.1387,-6.1624,6.1098,,,,,,,,,,,-104.7931,-6.3779,15.8417,0.5351,0.0173,-0.0028,2.2834,0.2290,1.0279,0.4074
0.3520,T000001,veh1,seg1,prediction_only,-104.9264,-6.4698,6.4835,,,,,,,,,,,-104.5878,-6.3710,15.8419,0.5351,0.0173,-0.0028,2.4888,0.2338,1.0368,0.3527
0.3650,T000001,veh1,seg1,prediction_only,-104.7008,-6.7545,6.8467,,,,,,,,,,,-104.3826,-6.3640,15.8422,0.5350,0.0173,-0.0028,2.6941,0.2393,1.0486,0.5037
0.3780,T000001,veh1,seg1,prediction_only,-104.4997,-6.7414,7.0482,,,,,,,,,,,-104.1774,-6.3571,15.8424,0.5350,0.0173,-0.0028,2.8995,0.2455,1.0640,0.5015
0.3909,T000001,veh1,seg1,prediction_only,-104.2951,-6.8075,7.2632,,,,,,,,,,,-103.9721,-6.3502,15.8426,0.5350,0.0173,-0.0028,3.1048,0.2523,1.0833,0.5598
0.4039,T000001,veh1,seg1,prediction_only,-104.0795,-6.8722,7.4884,,,,,,,,,,,-103.7669,-6.3433,15.8428,0.5349,0.0173,-0.0028,3.3102,0.2597,1.1070,0.6144
0.4168,T000001,veh1,seg1,prediction_only,-103.8867,-6.6301,7.7978,,,,,,,,,,,-103.5617,-6.3363,15.8431,0.5349,0.0173,-0.0028,3.5155,0.2678,1.1354,0.4382
0.4194,T000001,veh1,seg1,position+velocity,-103.8867,-6.6301,7.7978,,,,-103.6842,-6.5418,7.9995,,,,,-103.5945,-6.4178,15.6448,0.3883,-0.1023,-0.0337,3.6034,0.1968,0.8717,0.3612
0.4323,T000001,veh1,seg1,prediction_only,-103.6958,-6.6953,7.9995,,,,,,,,,,,-103.3919,-6.4128,15.6435,0.3879,-0.1023,-0.0337,3.8062,0.2019,0.8858,0.4150
0.4453,T000001,veh1,seg1,prediction_only,-103.5007,-6.5874,8.2225,,,,,,,,,,,-103.1892,-6.4078,15.6422,0.3874,-0.1023,-0.0337,4.0089,0.2075,0.9024,0.3595
0.4582,T000001,veh1,seg1,prediction_only,-103.2995,-6.5431,8.4285,,,,,,,,,,,-102.9866,-6.4028,15.6409,0.3870,-0.1023,-0.0337,4.2116,0.2137,0.9220,0.3430
0.4712,T000001,veh1,seg1,prediction_only,-103.1058,-6.3549,8.6986,,,,,,,,,,,-102.7840,-6.3978,15.6395,0.3866,-0.1023,-0.0337,4.4142,0.2204,0.9453,0.3247
0.4841,T000001,veh1,seg1,prediction_only,-102.8885,-6.4210,8.9258,,,,,,,,,,,-102.5814,-6.3928,15.6382,0.3861,-0.1023,-0.0337,4.6169,0.2276,0.9726,0.3084
0.4971,T000001,veh1,seg1,prediction_only,-102.6932,-6.2270,9.2010,,,,,,,,,,,-102.3788,-6.3878,15.6369,0.3857,-0.1023,-0.0337,4.8195,0.2353,1.0042,0.3531
0.5101,T000001,veh1,seg1,prediction_only,-102.4907,-6.2383,9.4038,,,,,,,,,,,-102.1762,-6.3828,15.6356,0.3852,-0.1023,-0.0337,5.0222,0.2436,1.0405,0.3461
0.5230,T000001,veh1,seg1,prediction_only,-102.2765,-6.2275,9.6183,,,,,,,,,,,-101.9737,-6.3778,15.6342,0.3848,-0.1023,-0.0337,5.2248,0.2525,1.0816,0.3381
0.5360,T000001,veh1,seg1,prediction_only,-102.0687,-6.3727,9.8718,,,,,,,,,,,-101.7712,-6.3728,15.6329,0.3844,-0.1023,-0.0337,5.4274,0.2619,1.1275,0.2976
0.5489,T000001,veh1,seg1,prediction_only,-101.8656,-6.4086,10.0781,,,,,,,,,,,-101.5686,-6.3678,15.6316,0.3839,-0.1023,-0.0337,5.6299,0.2720,1.1782,0.2997
0.5619,T000001,veh1,seg1,prediction_only,-101.6681,-6.3740,10.2786,,,,,,,,,,,-101.3661,-6.3629,15.6303,0.3835,-0.1023,-0.0337,5.8325,0.2827,1.2338,0.3021
0.5748,T000001,veh1,seg1,prediction_only,-101.4475,-6.4631,10.5164,,,,,,,,,,,-101.1637,-6.3579,15.6289,0.3831,-0.1023,-0.0337,6.0350,0.2942,1.2940,0.3027
0.5878,T000001,veh1,seg1,prediction_only,-101.2475,-6.4276,10.7196,,,,,,,,,,,-100.9612,-6.3529,15.6276,0.3826,-0.1023,-0.0337,6.2376,0.3064,1.3588,0.2959
0.6007,T000001,veh1,seg1,prediction_only,-101.0433,-6.1472,11.0664,,,,,,,,,,,-100.7588,-6.3480,15.6263,0.3822,-0.1023,-0.0337,6.4401,0.3194,1.4281,0.3482
0.6137,T000001,veh1,seg1,prediction_only,-100.8348,-6.2531,11.3003,,,,,,,,,,,-100.5563,-6.3430,15.6250,0.3818,-0.1023,-0.0337,6.6425,0.3333,1.5016,0.2926
0.6266,T000001,veh1,seg1,prediction_only,-100.6295,-6.3365,11.5219,,,,,,,,,,,-100.3539,-6.3381,15.6236,0.3813,-0.1023,-0.0337,6.8450,0.3481,1.5791,0.2755
0.6292,T000001,veh1,seg1,position+velocity,-100.6295,-6.3365,11.5219,,,,-100.5314,-6.3967,11.5219,,,,,-100.4236,-6.3585,15.3443,0.3646,-0.3918,0.0356,6.9176,0.2148,0.8895,0.2070
0.6421,T000001,veh1,seg1,prediction_only,-100.4106,-6.4399,11.7639,,,,,,,,,,,-100.2249,-6.3537,15.3393,0.3651,-0.3918,0.0356,7.1164,0.2219,0.9188,0.2048
0.6551,T000001,veh1,seg1,prediction_only,-100.2172,-6.2079,12.0660,,,,,,,,,,,-100.0262,-6.3490,15.3342,0.3655,-0.3918,0.0356,7.3152,0.2294,0.9500,0.2375
0.6680,T000001,veh1,seg1,prediction_only,-100.0219,-6.0623,12.3096,,,,,,,,,,,-99.8276,-6.3443,15.3291,0.3660,-0.3918,0.0356,7.5139,0.2375,0.9836,0.3424
0.6810,T000001,veh1,seg1,prediction_only,-99.8105,-6.0249,12.5243,,,,,,,,,,,-99.6290,-6.3395,15.3240,0.3665,-0.3918,0.0356,7.7125,0.2461,1.0199,0.3632
0.6939,T000001,veh1,seg1,prediction_only,-99.6067,-6.0822,12.7360,,,,,,,,,,,-99.4306,-6.3348,15.3190,0.3669,-0.3918,0.0356,7.9110,0.2553,1.0594,0.3079
0.7069,T000001,veh1,seg1,prediction_only,-99.4007,-6.1958,12.9713,,,,,,,,,,,-99.2321,-6.3300,15.3139,0.3674,-0.3918,0.0356,8.1095,0.2650,1.1023,0.2154
0.7198,T000001,veh1,seg1,prediction_only,-99.1845,-6.2389,13.1917,,,,,,,,,,,-99.0338,-6.3253,15.3088,0.3678,-0.3918,0.0356,8.3079,0.2753,1.1488,0.1737
0.7328,T000001,veh1,seg1,prediction_only,-98.9817,-6.3102,13.4067,,,,,,,,,,,-98.8355,-6.3205,15.3037,0.3683,-0.3918,0.0356,8.5062,0.2863,1.1990,0.1465
0.7457,T000001,veh1,seg1,prediction_only,-98.7868,-6.1370,13.6674,,,,,,,,,,,-98.6373,-6.3157,15.2987,0.3688,-0.3918,0.0356,8.7045,0.2978,1.2531,0.2330
0.7587,T000001,veh1,seg1,prediction_only,-98.5805,-5.9918,13.9197,,,,,,,,,,,-98.4391,-6.3109,15.2936,0.3692,-0.3918,0.0356,8.9027,0.3101,1.3110,0.3491
0.7717,T000001,veh1,seg1,prediction_only,-98.3867,-5.7981,14.1937,,,,,,,,,,,-98.2410,-6.3061,15.2885,0.3697,-0.3918,0.0356,9.1009,0.3231,1.3729,0.5286
0.7846,T000001,veh1,seg1,prediction_only,-98.1844,-5.7157,14.4121,,,,,,,,,,,-98.0430,-6.3014,15.2834,0.3701,-0.3918,0.0356,9.2990,0.3369,1.4385,0.6025
0.7976,T000001,veh1,seg1,prediction_only,-97.9798,-5.5017,14.7081,,,,,,,,,,,-97.8450,-6.2966,15.2784,0.3706,-0.3918,0.0356,9.4970,0.3515,1.5079,0.8061
0.8105,T000001,veh1,seg1,prediction_only,-97.7747,-5.5391,14.9166,,,,,,,,,,,-97.6471,-6.2918,15.2733,0.3711,-0.3918,0.0356,9.6949,0.3669,1.5811,0.7634
0.8235,T000001,veh1,seg1,prediction_only,-97.5955,-5.4582,15.1132,,,,,,,,,,,-97.4493,-6.2869,15.2682,0.3715,-0.3918,0.0356,9.8928,0.3832,1.6578,0.8415
0.8364,T000001,veh1,seg1,prediction_only,-97.4082,-5.3514,15.3288,,,,,,,,,,,-97.2516,-6.2821,15.2631,0.3720,-0.3918,0.0356,10.0906,0.4005,1.7381,0.9438
0.8383,T000001,veh1,seg1,position+velocity,-97.4082,-5.3514,15.3288,,,,-97.2531,-5.2200,15.5330,,,,,-97.2262,-5.6922,15.3133,1.8921,-0.2036,1.9917,10.6811,0.2214,0.9191,0.3864
0.8512,T000001,veh1,seg1,prediction_only,-97.2044,-5.3639,15.5330,,,,,,,,,,,-97.0278,-5.6675,15.3107,1.9179,-0.2036,1.9917,10.8810,0.2288,0.9506,0.3513
0.8642,T000001,veh1,seg1,prediction_only,-97.0003,-5.3825,15.7380,,,,,,,,,,,-96.8295,-5.6425,15.3080,1.9437,-0.2036,1.9917,11.0809,0.2368,0.9835,0.3111
0.8771,T000001,veh1,seg1,prediction_only,-96.7788,-5.5069,15.9920,,,,,,,,,,,-96.6312,-5.6172,15.3054,1.9695,-0.2036,1.9917,11.2808,0.2454,1.0184,0.1842
0.8901,T000001,veh1,seg1,prediction_only,-96.5794,-5.4444,16.2010,,,,,,,,,,,-96.4330,-5.5915,15.3027,1.9953,-0.2036,1.9917,11.4807,0.2545,1.0558,0.2076
0.9031,T000001,veh1,seg1,prediction_only,-96.3768,-5.4473,16.4035,,,,,,,,,,,-96.2347,-5.5655,15.3001,2.0211,-0.2036,1.9917,11.6806,0.2642,1.0958,0.1849
0.9160,T000001,veh1,seg1,prediction_only,-96.1636,-5.3419,16.6414,,,,,,,,,,,-96.0365,-5.5391,15.2975,2.0469,-0.2036,1.9917,11.8806,0.2744,1.1390,0.2347
0.9290,T000001,veh1,seg1,prediction_only,-95.9669,-5.2065,16.8801,,,,,,,,,,,-95.8384,-5.5125,15.2948,2.0727,-0.2036,1.9917,12.0805,0.2853,1.1854,0.3318
0.9419,T000001,veh1,seg1,prediction_only,-95.7720,-5.0448,17.1334,,,,,,,,,,,-95.6403,-5.4854,15.2922,2.0985,-0.2036,1.9917,12.2805,0.2969,1.2353,0.4599
0.9441,T000001,veh1,seg1,position+velocity,-95.7720,-5.0448,17.1334,,,,-95.8778,-4.9604,17.1334,,,,,-95.7176,-5.3063,15.0679,2.2537,-0.3750,1.5580,12.4756,0.1991,0.8633,0.2672
0.9570,T000001,veh1,seg1,prediction_only,-95.5565,-5.0517,17.3490,,,,,,,,,,,-95.5224,-5.2770,15.0631,2.2739,-0.3750,1.5580,12.6729,0.2058,0.8944,0.2279
0.9700,T000001,veh1,seg1,prediction_only,-95.3510,-5.0528,17.5545,,,,,,,,,,,-95.3273,-5.2474,15.0582,2.2941,-0.3750,1.5580,12.8703,0.2130,0.9273,0.1960
0.9829,T000001,veh1,seg1,prediction_only,-95.1557,-4.8725,17.8203,,,,,,,,,,,-95.1323,-5.2176,15.0534,2.3143,-0.3750,1.5580,13.0676,0.2208,0.9624,0.3458
0.9959,T000001,veh1,seg1,prediction_only,-94.9398,-4.9203,18.0414,,,,,,,,,,,-94.9373,-5.1874,15.0485,2.3345,-0.3750,1.5580,13.2649,0.2292,1.0001,0.2672
1.0088,T000001,veh1,seg1,prediction_only,-94.7401,-4.8654,18.2485,,,,,,,,,,,-94.7424,-5.1571,15.0436,2.3546,-0.3750,1.5580,13.4621,0.2381,1.0408,0.2916
1.0218,T000001,veh1,seg1,prediction_only,-94.5428,-4.8529,18.4461,,,,,,,,,,,-94.5475,-5.1264,15.0388,2.3748,-0.3750,1.5580,13.6594,0.2477,1.0848,0.2735
1.0347,T000001,veh1,seg1,prediction_only,-94.3195,-5.0457,18.7411,,,,,,,,,,,-94.3527,-5.0955,15.0339,2.3950,-0.3750,1.5580,13.8566,0.2578,1.1323,0.0599
1.0477,T000001,veh1,seg1,prediction_only,-94.1152,-5.0497,18.9455,,,,,,,,,,,-94.1580,-5.0644,15.0291,2.4152,-0.3750,1.5580,14.0538,0.2687,1.1834,0.0452
1.0504,T000001,veh1,seg1,position+velocity,-94.1152,-5.0497,18.9455,,,,-94.0840,-5.1563,18.9455,,,,,-94.0857,-5.1610,15.2047,1.8240,0.0775,0.0108,14.1745,0.1902,0.8531,0.1151
1.0633,T000001,veh1,seg1,prediction_only,-93.9072,-5.2385,19.2264,,,,,,,,,,,-93.8887,-5.1374,15.2057,1.8241,0.0775,0.0108,14.3729,0.1969,0.8854,0.1028
1.0763,T000001,veh1,seg1,prediction_only,-93.6891,-5.3858,19.4896,,,,,,,,,,,-93.6917,-5.1138,15.2067,1.8243,0.0775,0.0108,14.5713,0.2042,0.9194,0.2720
1.0893,T000001,veh1,seg1,prediction_only,-93.4827,-5.5232,19.7375,,,,,,,,,,,-93.4947,-5.0901,15.2077,1.8244,0.0775,0.0108,14.7697,0.2121,0.9557,0.4332
1.1022,T000001,veh1,seg1,prediction_only,-93.2767,-5.5630,19.9472,,,,,,,,,,,-93.2977,-5.0665,15.2087,1.8246,0.0775,0.0108,14.9682,0.2205,0.9948,0.4969
1.1152,T000001,veh1,seg1,prediction_only,-93.0613,-5.6146,20.1687,,,,,,,,,,,-93.1007,-5.0429,15.2097,1.8247,0.0775,0.0108,15.1666,0.2295,1.0368,0.5731
1.1281,T000001,veh1,seg1,prediction_only,-92.8597,-5.6546,20.3743,,,,,,,,,,,-92.9036,-5.0192,15.2107,1.8248,0.0775,0.0108,15.3651,0.2392,1.0822,0.6369
1.1411,T000001,veh1,seg1,prediction_only,-92.6538,-5.7431,20.5985,,,,,,,,,,,-92.7066,-4.9956,15.2117,1.8250,0.0775,0.0108,15.5635,0.2495,1.1311,0.7494
1.1540,T000001,veh1,seg1,prediction_only,-92.4624,-5.7626,20.7909,,,,,,,,,,,-92.5095,-4.9719,15.2127,1.8251,0.0775,0.0108,15.7620,0.2605,1.1836,0.7921
1.1670,T000001,veh1,seg1,prediction_only,-92.2631,-5.6881,21.0036,,,,,,,,,,,-92.3124,-4.9483,15.2137,1.8253,0.0775,0.0108,15.9605,0.2722,1.2399,0.7415
1.1799,T000001,veh1,seg1,prediction_only,-92.0959,-5.5228,21.2387,,,,,,,,,,,-92.1153,-4.9246,15.2147,1.8254,0.0775,0.0108,16.1590,0.2847,1.2999,0.5985
1.1929,T000001,veh1,seg1,prediction_only,-91.8750,-5.7010,21.5226,,,,,,,,,,,-91.9182,-4.9010,15.2158,1.8255,0.0775,0.0108,16.3575,0.2979,1.3636,0.8012
1.2058,T000001,veh1,seg1,prediction_only,-91.6812,-5.5692,21.7569,,,,,,,,,,,-91.7211,-4.8773,15.2168,1.8257,0.0775,0.0108,16.5561,0.3120,1.4311,0.6930
1.2188,T000001,veh1,seg1,prediction_only,-91.5158,-5.5439,21.9242,,,,,,,,,,,-91.5240,-4.8537,15.2178,1.8258,0.0775,0.0108,16.7546,0.3269,1.5022,0.6903
1.2318,T000001,veh1,seg1,prediction_only,-91.3342,-5.6044,22.1156,,,,,,,,,,,-91.3268,-4.8300,15.2188,1.8260,0.0775,0.0108,16.9532,0.3427,1.5769,0.7744
1.2447,T000001,veh1,seg1,prediction_only,-91.1278,-5.6810,22.3357,,,,,,,,,,,-91.1297,-4.8064,15.2198,1.8261,0.0775,0.0108,17.1518,0.3594,1.6552,0.8746
1.2577,T000001,veh1,seg1,prediction_only,-90.9318,-5.5284,22.5842,,,,,,,,,,,-90.9325,-4.7827,15.2208,1.8263,0.0775,0.0108,17.3504,0.3771,1.7368,0.7456
1.2672,T000001,veh1,seg1,position+velocity,-90.7192,-5.5218,22.7969,,,,-90.8225,-5.5232,22.7969,,,,,-90.7882,-5.2040,15.2748,0.3766,0.2673,-2.5614,17.7957,0.2216,0.9361,0.3252
1.2802,T000001,veh1,seg1,prediction_only,-90.5295,-5.5022,22.9876,,,,,,,,,,,-90.5903,-5.1994,15.2782,0.3434,0.2673,-2.5614,17.9936,0.2300,0.9677,0.3089
1.2932,T000001,veh1,seg1,prediction_only,-90.3289,-5.3784,23.2234,,,,,,,,,,,-90.3923,-5.1951,15.2817,0.3102,0.2673,-2.5614,18.1916,0.2389,1.0006,0.1939
1.3061,T000001,veh1,seg1,prediction_only,-90.1176,-5.3059,23.4467,,,,,,,,,,,-90.1943,-5.1913,15.2852,0.2771,0.2673,-2.5614,18.3897,0.2483,1.0353,0.1379
1.3191,T000001,veh1,seg1,prediction_only,-89.9415,-5.3977,23.6453,,,,,,,,,,,-89.9963,-5.1880,15.2886,0.2439,0.2673,-2.5614,18.5877,0.2583,1.0724,0.2168
1.3320,T000001,veh1,seg1,prediction_only,-89.7731,-5.4823,23.8338,,,,,,,,,,,-89.7982,-5.1850,15.2921,0.2107,0.2673,-2.5614,18.7858,0.2688,1.1121,0.2984
1.3450,T000001,veh1,seg1,prediction_only,-89.5925,-5.3151,24.0799,,,,,,,,,,,-89.6001,-5.1825,15.2956,0.1775,0.2673,-2.5614,18.9840,0.2799,1.1549,0.1328
1.3579,T000001,veh1,seg1,prediction_only,-89.3940,-5.1147,24.3619,,,,,,,,,,,-89.4019,-5.1804,15.2990,0.1443,0.2673,-2.5614,19.1822,0.2917,1.2009,0.0661
1.3709,T000001,veh1,seg1,prediction_only,-89.1954,-5.0493,24.5711,,,,,,,,,,,-89.2037,-5.1788,15.3025,0.1111,0.2673,-2.5614,19.3804,0.3040,1.2502,0.1297
1.3838,T000001,veh1,seg1,prediction_only,-88.8335,-4.7791,25.0383,,,,,,,,,,,-89.0054,-5.1775,15.3059,0.0780,0.2673,-2.5614,19.5787,0.3170,1.3032,0.4339
1.3968,T000001,veh1,seg1,prediction_only,-88.6312,-4.7511,25.2425,,,,,,,,,,,-88.8071,-5.1767,15.3094,0.0448,0.2673,-2.5614,19.7770,0.3306,1.3597,0.4605
1.4097,T000001,veh1,seg1,prediction_only,-88.6312,-4.7511,25.2425,,,,,,,,,,,-88.6088,-5.1764,15.3129,0.0116,0.2673,-2.5614,19.9753,0.3449,1.4199,0.4258
1.4227,T000001,veh1,seg1,prediction_only,-88.2440,-4.7206,25.6517,,,,,,,,,,,-88.4104,-5.1764,15.3163,-0.0216,0.2673,-2.5614,20.1737,0.3600,1.4838,0.4852
1.4357,T000001,veh1,seg1,prediction_only,-88.0591,-4.6594,25.8464,,,,,,,,,,,-88.2119,-5.1769,15.3198,-0.0548,0.2673,-2.5614,20.3721,0.3759,1.5513,0.5396
1.4486,T000001,veh1,seg1,prediction_only,-87.8721,-4.6684,26.0336,,,,,,,,,,,-88.0135,-5.1779,15.3233,-0.0879,0.2673,-2.5614,20.5706,0.3925,1.6224,0.5287
1.4616,T000001,veh1,seg1,prediction_only,-87.6728,-4.6104,26.2412,,,,,,,,,,,-87.8149,-5.1792,15.3267,-0.1211,0.2673,-2.5614,20.7692,0.4100,1.6970,0.5863
1.4745,T000001,veh1,seg1,prediction_only,-87.4690,-4.6551,26.4499,,,,,,,,,,,-87.6164,-5.1810,15.3302,-0.1543,0.2673,-2.5614,20.9678,0.4284,1.7752,0.5462
1.4875,T000001,veh1,seg1,prediction_only,-87.2597,-4.5579,26.6806,,,,,,,,,,,-87.4177,-5.1832,15.3336,-0.1875,0.2673,-2.5614,21.1664,0.4477,1.8567,0.6449
1.5004,T000001,veh1,seg1,prediction_only,-87.0632,-4.4550,26.9024,,,,,,,,,,,-87.2191,-5.1858,15.3371,-0.2207,0.2673,-2.5614,21.3651,0.4680,1.9416,0.7473
1.5134,T000001,veh1,seg1,prediction_only,-86.8585,-4.5204,27.1173,,,,,,,,,,,-87.0204,-5.1889,15.3406,-0.2539,0.2673,-2.5614,21.5638,0.4893,2.0297,0.6879
1.5263,T000001,veh1,seg1,prediction_only,-86.6514,-4.3858,27.3643,,,,,,,,,,,-86.8216,-5.1924,15.3440,-0.2870,0.2673,-2.5614,21.7626,0.5117,2.1209,0.8244
1.5393,T000001,veh1,seg1,prediction_only,-86.4538,-4.2704,27.5931,,,,,,,,,,,-86.6228,-5.1964,15.3475,-0.3202,0.2673,-2.5614,21.9614,0.5352,2.2152,0.9413
1.5522,T000001,veh1,seg1,prediction_only,-86.2479,-4.3527,27.8149,,,,,,,,,,,-86.4240,-5.2007,15.3510,-0.3534,0.2673,-2.5614,22.1603,0.5598,2.3124,0.8661
1.5652,T000001,veh1,seg1,prediction_only,-86.0277,-4.4685,28.0637,,,,,,,,,,,-86.2251,-5.2055,15.3544,-0.3866,0.2673,-2.5614,22.3593,0.5856,2.4126,0.7630
1.5782,T000001,veh1,seg1,prediction_only,-85.8206,-4.6128,28.3161,,,,,,,,,,,-86.0261,-5.2107,15.3579,-0.4198,0.2673,-2.5614,22.5583,0.6127,2.5156,0.6323
1.5839,T000001,veh1,seg1,position+velocity,-85.8206,-4.6128,28.3161,,,,-85.7058,-4.1745,28.7588,,,,,-85.7766,-4.4829,15.7854,1.5066,0.8453,0.1036,23.3278,0.2557,0.9243,0.1372
1.5968,T000001,veh1,seg1,prediction_only,-85.6208,-4.5824,28.5182,,,,,,,,,,,-85.5720,-4.4633,15.7963,1.5080,0.8453,0.1036,23.5332,0.2640,0.9503,0.1287
1.6098,T000001,veh1,seg1,prediction_only,-85.4120,-4.4627,28.7588,,,,,,,,,,,-85.3673,-4.4438,15.8073,1.5093,0.8453,0.1036,23.7389,0.2727,0.9776,0.0486
1.6227,T000001,veh1,seg1,prediction_only,-85.2044,-4.6118,29.0145,,,,,,,,,,,-85.1624,-4.4242,15.8182,1.5107,0.8453,0.1036,23.9447,0.2818,1.0067,0.1922
1.6357,T000001,veh1,seg1,prediction_only,-85.0048,-4.5192,29.2345,,,,,,,,,,,-84.9574,-4.4046,15.8292,1.5120,0.8453,0.1036,24.1506,0.2914,1.0380,0.1240
1.6486,T000001,veh1,seg1,prediction_only,-84.7823,-4.6361,29.4858,,,,,,,,,,,-84.7523,-4.3850,15.8401,1.5134,0.8453,0.1036,24.3567,0.3015,1.0721,0.2529
1.6616,T000001,veh1,seg1,prediction_only,-84.5837,-4.5548,29.7004,,,,,,,,,,,-84.5470,-4.3654,15.8511,1.5147,0.8453,0.1036,24.5629,0.3120,1.1092,0.1929
1.6745,T000001,veh1,seg1,prediction_only,-84.3709,-4.8154,30.0368,,,,,,,,,,,-84.3416,-4.3458,15.8620,1.5160,0.8453,0.1036,24.7692,0.3231,1.1496,0.4705
1.6875,T000001,veh1,seg1,prediction_only,-84.1572,-4.8145,30.2504,,,,,,,,,,,-84.1361,-4.3262,15.8730,1.5174,0.8453,0.1036,24.9757,0.3346,1.1937,0.4888
1.6901,T000001,veh1,seg1,position+velocity,-84.1572,-4.8145,30.2504,,,,-84.0804,-4.6983,30.2504,,,,,-84.0999,-4.5337,15.8136,0.8906,0.6805,-0.8901,25.1864,0.2208,0.8337,0.2866
1.7031,T000001,veh1,seg1,prediction_only,-83.9774,-4.9867,30.4995,,,,,,,,,,,-83.8950,-4.5222,15.8224,0.8791,0.6805,-0.8901,25.3916,0.2275,0.8601,0.4718
1.7161,T000001,veh1,seg1,prediction_only,-83.7733,-5.0461,30.7120,,,,,,,,,,,-83.6899,-4.5109,15.8312,0.8676,0.6805,-0.8901,25.5969,0.2348,0.8882,0.5417
1.7290,T000001,veh1,seg1,prediction_only,-83.5597,-4.9041,30.9685,,,,,,,,,,,-83.4848,-4.4997,15.8400,0.8560,0.6805,-0.8901,25.8024,0.2424,0.9185,0.4113
1.7420,T000001,veh1,seg1,prediction_only,-83.3778,-4.8718,31.1533,,,,,,,,,,,-83.2795,-4.4887,15.8488,0.8445,0.6805,-0.8901,26.0079,0.2506,0.9516,0.3955
1.7549,T000001,veh1,seg1,prediction_only,-83.1762,-4.8660,31.3550,,,,,,,,,,,-83.0742,-4.4778,15.8577,0.8330,0.6805,-0.8901,26.2136,0.2592,0.9879,0.4013
1.7679,T000001,veh1,seg1,prediction_only,-82.9580,-4.9895,31.6058,,,,,,,,,,,-82.8687,-4.4671,15.8665,0.8214,0.6805,-0.8901,26.4194,0.2683,1.0276,0.5300
1.7808,T000001,veh1,seg1,prediction_only,-82.7468,-5.2263,31.9230,,,,,,,,,,,-82.6631,-4.4566,15.8753,0.8099,0.6805,-0.8901,26.6252,0.2780,1.0710,0.7742
1.7926,T000001,veh1,seg1,position+velocity,-82.5561,-4.9571,32.2528,,,,-82.7930,-5.1321,31.9230,,,,,-82.6117,-4.7233,15.5160,0.1159,0.1228,-1.7975,26.8969,0.2058,0.8223,0.2403
1.8055,T000001,veh1,seg1,prediction_only,-82.3405,-4.9783,32.4695,,,,,,,,,,,-82.4107,-4.7220,15.5176,0.0926,0.1228,-1.7975,27.0979,0.2123,0.8517,0.2658
1.8185,T000001,veh1,seg1,prediction_only,-82.1671,-4.8355,32.6942,,,,,,,,,,,-82.2096,-4.7209,15.5192,0.0693,0.1228,-1.7975,27.2990,0.2193,0.8830,0.1222
1.8314,T000001,veh1,seg1,prediction_only,-82.0037,-4.7062,32.9025,,,,,,,,,,,-82.0086,-4.7202,15.5208,0.0461,0.1228,-1.7975,27.5000,0.2268,0.9167,0.0148
1.8444,T000001,veh1,seg1,prediction_only,-81.8193,-4.8854,33.1596,,,,,,,,,,,-81.8075,-4.7197,15.5224,0.0228,0.1228,-1.7975,27.7011,0.2348,0.9533,0.1661
1.8574,T000001,veh1,seg1,prediction_only,-81.6192,-4.7456,33.4037,,,,,,,,,,,-81.6064,-4.7196,15.5240,-0.0005,0.1228,-1.7975,27.9022,0.2433,0.9930,0.0290
1.8703,T000001,veh1,seg1,prediction_only,-81.4094,-4.9342,33.6858,,,,,,,,,,,-81.4053,-4.7197,15.5256,-0.0238,0.1228,-1.7975,28.1033,0.2524,1.0363,0.2145
1.8833,T000001,veh1,seg1,prediction_only,-81.2056,-5.0590,33.9248,,,,,,,,,,,-81.2041,-4.7202,15.5271,-0.0471,0.1228,-1.7975,28.3045,0.2620,1.0832,0.3388
1.8962,T000001,veh1,seg1,prediction_only,-81.0340,-5.0549,34.0965,,,,,,,,,,,-81.0030,-4.7210,15.5287,-0.0704,0.1228,-1.7975,28.5056,0.2723,1.1339,0.3354
1.9092,T000001,veh1,seg1,prediction_only,-80.8229,-5.2647,34.3941,,,,,,,,,,,-80.8018,-4.7220,15.5303,-0.0937,0.1228,-1.7975,28.7068,0.2832,1.1886,0.5431
1.9221,T000001,veh1,seg1,prediction_only,-80.4295,-5.3926,34.8078,,,,,,,,,,,-80.6006,-4.7234,15.5319,-0.1169,0.1228,-1.7975,28.9080,0.2948,1.2471,0.6908
1.9351,T000001,veh1,seg1,prediction_only,-80.2448,-5.3363,35.0009,,,,,,,,,,,-80.3994,-4.7250,15.5335,-0.1402,0.1228,-1.7975,29.1092,0.3071,1.3096,0.6305
1.9480,T000001,veh1,seg1,prediction_only,-80.0294,-5.4422,35.2409,,,,,,,,,,,-80.1981,-4.7270,15.5351,-0.1635,0.1228,-1.7975,29.3105,0.3202,1.3759,0.7348
1.9610,T000001,veh1,seg1,prediction_only,-79.8284,-5.4254,35.4426,,,,,,,,,,,-79.9969,-4.7293,15.5367,-0.1868,0.1228,-1.7975,29.5118,0.3340,1.4461,0.7162
1.9739,T000001,veh1,seg1,prediction_only,-79.6308,-5.3261,35.6637,,,,,,,,,,,-79.7956,-4.7319,15.5383,-0.2101,0.1228,-1.7975,29.7131,0.3488,1.5199,0.6167
1.9869,T000001,veh1,seg1,prediction_only,-79.4193,-5.2422,35.8913,,,,,,,,,,,-79.5943,-4.7347,15.5399,-0.2334,0.1228,-1.7975,29.9144,0.3644,1.5974,0.5368
1.9999,T000001,veh1,seg1,prediction_only,-79.2268,-5.0016,36.1994,,,,,,,,,,,-79.3930,-4.7379,15.5415,-0.2567,0.1228,-1.7975,30.1157,0.3810,1.6784,0.3117
2.0062,T000001,veh1,seg1,position+velocity,-79.2268,-5.0016,36.1994,,,,-79.3515,-4.7637,36.1994,,,,,-79.3212,-4.7115,15.4753,-0.0542,0.0315,-1.2173,30.1922,0.2337,0.9383,0.3051
2.0191,T000001,veh1,seg1,prediction_only,-79.0541,-5.0497,36.3786,,,,,,,,,,,-79.1207,-4.7123,15.4757,-0.0699,0.0315,-1.2173,30.3927,0.2418,0.9699,0.3439
2.0321,T000001,veh1,seg1,prediction_only,-78.8441,-4.9931,36.5961,,,,,,,,,,,-78.9202,-4.7133,15.4761,-0.0857,0.0315,-1.2173,30.5932,0.2505,1.0028,0.2899
2.0450,T000001,veh1,seg1,prediction_only,-78.6424,-4.9672,36.7995,,,,,,,,,,,-78.7197,-4.7145,15.4765,-0.1015,0.0315,-1.2173,30.7937,0.2598,1.0377,0.2643
2.0580,T000001,veh1,seg1,prediction_only,-78.4397,-5.0138,37.0075,,,,,,,,,,,-78.5192,-4.7159,15.4769,-0.1173,0.0315,-1.2173,30.9942,0.2696,1.0748,0.3083
2.0710,T000001,veh1,seg1,prediction_only,-78.2248,-4.9260,37.2396,,,,,,,,,,,-78.3187,-4.7175,15.4773,-0.1330,0.0315,-1.2173,31.1947,0.2799,1.1147,0.2286
2.0839,T000001,veh1,seg1,prediction_only,-78.0235,-4.8961,37.4431,,,,,,,,,,,-78.1182,-4.7194,15.4778,-0.1488,0.0315,-1.2173,31.3952,0.2908,1.1575,0.2005
2.0969,T000001,veh1,seg1,prediction_only,-77.8371,-4.8625,37.6325,,,,,,,,,,,-77.9177,-4.7214,15.4782,-0.1646,0.0315,-1.2173,31.5958,0.3023,1.2036,0.1625
2.1098,T000001,veh1,seg1,prediction_only,-77.6240,-4.9005,37.8490,,,,,,,,,,,-77.7172,-4.7236,15.4786,-0.1803,0.0315,-1.2173,31.7963,0.3144,1.2531,0.1999
2.1228,T000001,veh1,seg1,prediction_only,-77.4313,-5.1350,38.1525,,,,,,,,,,,-77.5167,-4.7261,15.4790,-0.1961,0.0315,-1.2173,31.9968,0.3272,1.3061,0.4178
2.1357,T000001,veh1,seg1,prediction_only,-77.2305,-5.1261,38.3535,,,,,,,,,,,-77.3161,-4.7287,15.4794,-0.2119,0.0315,-1.2173,32.1974,0.3406,1.3628,0.4065
2.1487,T000001,veh1,seg1,prediction_only,-77.0111,-5.2805,38.6219,,,,,,,,,,,-77.1156,-4.7316,15.4798,-0.2276,0.0315,-1.2173,32.3979,0.3548,1.4231,0.5588
2.1616,T000001,veh1,seg1,prediction_only,-76.8090,-5.2872,38.8240,,,,,,,,,,,-76.9151,-4.7346,15.4802,-0.2434,0.0315,-1.2173,32.5985,0.3696,1.4871,0.5627
2.1746,T000001,veh1,seg1,prediction_only,-76.6113,-5.1680,39.0549,,,,,,,,,,,-76.7145,-4.7379,15.4806,-0.2592,0.0315,-1.2173,32.7991,0.3853,1.5547,0.4423
2.1875,T000001,veh1,seg1,prediction_only,-76.4253,-5.1098,39.2498,,,,,,,,,,,-76.5140,-4.7413,15.4810,-0.2750,0.0315,-1.2173,32.9996,0.4017,1.6259,0.3790
2.2005,T000001,veh1,seg1,prediction_only,-76.2409,-4.9585,39.4883,,,,,,,,,,,-76.3134,-4.7450,15.4814,-0.2907,0.0315,-1.2173,33.2002,0.4190,1.7006,0.2255
2.2108,T000001,veh1,seg1,position+velocity,-76.0408,-4.9448,39.6889,,,,-76.0427,-5.0821,39.6889,,,,,-76.0930,-4.8754,15.6490,-0.4864,0.2798,-1.2053,33.4563,0.2478,0.9536,0.0869
2.2238,T000001,veh1,seg1,prediction_only,-75.8280,-4.8966,39.9071,,,,,,,,,,,-75.8902,-4.8818,15.6526,-0.5020,0.2798,-1.2053,33.6592,0.2563,0.9834,0.0640
2.2367,T000001,veh1,seg1,prediction_only,-75.6379,-4.5995,40.2598,,,,,,,,,,,-75.6874,-4.8884,15.6562,-0.5176,0.2798,-1.2053,33.8621,0.2652,1.0145,0.2931
2.2497,T000001,veh1,seg1,prediction_only,-75.4377,-4.5750,40.4614,,,,,,,,,,,-75.4846,-4.8952,15.6599,-0.5332,0.2798,-1.2053,34.0651,0.2747,1.0475,0.3236
2.2626,T000001,veh1,seg1,prediction_only,-75.2301,-4.4464,40.7056,,,,,,,,,,,-75.2817,-4.9022,15.6635,-0.5489,0.2798,-1.2053,34.2681,0.2846,1.0827,0.4587
2.2756,T000001,veh1,seg1,prediction_only,-75.0458,-4.3850,40.8999,,,,,,,,,,,-75.0787,-4.9094,15.6671,-0.5645,0.2798,-1.2053,34.4711,0.2951,1.1206,0.5254
2.2886,T000001,veh1,seg1,prediction_only,-74.8433,-4.4422,41.1104,,,,,,,,,,,-74.8758,-4.9168,15.6707,-0.5801,0.2798,-1.2053,34.6743,0.3062,1.1615,0.4757
2.3015,T000001,veh1,seg1,prediction_only,-74.6314,-4.3856,41.3297,,,,,,,,,,,-74.6727,-4.9244,15.6744,-0.5957,0.2798,-1.2053,34.8774,0.3178,1.2057,0.5404
2.3145,T000001,veh1,seg1,prediction_only,-74.4287,-4.4015,41.5330,,,,,,,,,,,-74.4696,-4.9323,15.6780,-0.6113,0.2798,-1.2053,35.0807,0.3299,1.2533,0.5324
2.3274,T000001,veh1,seg1,prediction_only,-74.2340,-4.1693,41.8360,,,,,,,,,,,-74.2665,-4.9403,15.6816,-0.6269,0.2798,-1.2053,35.2840,0.3427,1.3044,0.7717
2.3404,T000001,veh1,seg1,prediction_only,-74.0225,-4.1233,42.0524,,,,,,,,,,,-74.0633,-4.9485,15.6852,-0.6425,0.2798,-1.2053,35.4873,0.3561,1.3592,0.8262
2.3533,T000001,veh1,seg1,prediction_only,-73.8182,-4.2366,42.2861,,,,,,,,,,,-73.8601,-4.9569,15.6889,-0.6582,0.2798,-1.2053,35.6907,0.3702,1.4178,0.7215
2.3663,T000001,veh1,seg1,prediction_only,-73.6098,-4.4381,42.5760,,,,,,,,,,,-73.6568,-4.9656,15.6925,-0.6738,0.2798,-1.2053,35.8941,0.3850,1.4800,0.5295
2.3792,T000001,veh1,seg1,prediction_only,-73.4046,-4.3534,42.7980,,,,,,,,,,,-73.4535,-4.9744,15.6961,-0.6894,0.2798,-1.2053,36.0976,0.4005,1.5460,0.6229
2.3922,T000001,veh1,seg1,prediction_only,-73.2052,-4.2914,43.0068,,,,,,,,,,,-73.2502,-4.9834,15.6997,-0.7050,0.2798,-1.2053,36.3012,0.4167,1.6156,0.6935
2.4051,T000001,veh1,seg1,prediction_only,-73.0187,-4.1563,43.2371,,,,,,,,,,,-73.0468,-4.9926,15.7034,-0.7206,0.2798,-1.2053,36.5048,0.4338,1.6889,0.8368
2.4181,T000001,veh1,seg1,prediction_only,-72.8037,-4.0452,43.4790,,,,,,,,,,,-72.8433,-5.0021,15.7070,-0.7362,0.2798,-1.2053,36.7085,0.4518,1.7657,0.9577
2.4208,T000001,veh1,seg1,position+velocity,-72.8037,-4.0452,43.4790,,,,-72.3503,-4.4043,44.1537,,,,,-72.5686,-4.6186,16.2513,0.4119,0.9226,0.6331,37.1803,0.2552,0.9463,0.6197
2.4337,T000001,veh1,seg1,prediction_only,-72.5929,-4.2429,43.7681,,,,,,,,,,,-72.3580,-4.6132,16.2632,0.4201,0.9226,0.6331,37.3909,0.2635,0.9750,0.4385
2.4467,T000001,veh1,seg1,prediction_only,-72.4351,-4.1401,43.9564,,,,,,,,,,,-72.1472,-4.6077,16.2752,0.4283,0.9226,0.6331,37.6018,0.2722,1.0049,0.5491
2.4596,T000001,veh1,seg1,prediction_only,-72.2392,-4.1629,44.1537,,,,,,,,,,,-71.9363,-4.6021,16.2871,0.4365,0.9226,0.6331,37.8128,0.2815,1.0368,0.5335
2.4726,T000001,veh1,seg1,prediction_only,-72.0329,-4.2989,44.4008,,,,,,,,,,,-71.7252,-4.5964,16.2991,0.4447,0.9226,0.6331,38.0239,0.2912,1.0709,0.4279
2.4855,T000001,veh1,seg1,prediction_only,-71.8495,-4.2827,44.5849,,,,,,,,,,,-71.5140,-4.5905,16.3111,0.4529,0.9226,0.6331,38.2352,0.3015,1.1078,0.4553
2.4985,T000001,veh1,seg1,prediction_only,-71.6499,-4.3126,44.7867,,,,,,,,,,,-71.3026,-4.5846,16.3230,0.4611,0.9226,0.6331,38.4467,0.3123,1.1477,0.4412
2.5115,T000001,veh1,seg1,prediction_only,-71.4622,-4.1225,45.0539,,,,,,,,,,,-71.0911,-4.5786,16.3350,0.4693,0.9226,0.6331,38.6583,0.3236,1.1909,0.5880
2.5244,T000001,veh1,seg1,prediction_only,-71.2558,-4.2657,45.3051,,,,,,,,,,,-70.8794,-4.5725,16.3469,0.4775,0.9226,0.6331,38.8701,0.3354,1.2375,0.4855
2.5332,T000001,veh1,seg1,position+velocity,-71.0426,-4.2911,45.5199,,,,-71.1185,-4.1891,45.5199,,,,,-70.9310,-4.4019,15.7716,0.8912,-0.0305,1.1589,39.0483,0.2334,0.8924,0.1572
2.5462,T000001,veh1,seg1,prediction_only,-70.8703,-4.2253,45.7043,,,,,,,,,,,-70.7267,-4.3902,15.7712,0.9062,-0.0305,1.1589,39.2530,0.2408,0.9216,0.2187
2.5591,T000001,veh1,seg1,prediction_only,-70.6835,-4.1185,45.9195,,,,,,,,,,,-70.5224,-4.3784,15.7708,0.9212,-0.0305,1.1589,39.4576,0.2486,0.9524,0.3058
2.5721,T000001,veh1,seg1,prediction_only,-70.4715,-4.1889,46.1429,,,,,,,,,,,-70.3181,-4.3664,15.7704,0.9362,-0.0305,1.1589,39.6623,0.2570,0.9853,0.2346
2.5850,T000001,veh1,seg1,prediction_only,-70.2556,-4.3512,46.4129,,,,,,,,,,,-70.1138,-4.3541,15.7700,0.9512,-0.0305,1.1589,39.8669,0.2658,1.0209,0.1419
2.5980,T000001,veh1,seg1,prediction_only,-70.0510,-4.4319,46.6328,,,,,,,,,,,-69.9095,-4.3417,15.7696,0.9662,-0.0305,1.1589,40.0716,0.2752,1.0594,0.1678
2.6110,T000001,veh1,seg1,prediction_only,-69.8345,-4.4231,46.8495,,,,,,,,,,,-69.7052,-4.3291,15.7692,0.9812,-0.0305,1.1589,40.2763,0.2851,1.1012,0.1599
2.6239,T000001,veh1,seg1,prediction_only,-69.6300,-4.4882,47.0642,,,,,,,,,,,-69.5009,-4.3163,15.7688,0.9963,-0.0305,1.1589,40.4810,0.2956,1.1464,0.2150
2.6363,T000001,veh1,seg1,position+velocity,-69.4323,-4.4243,47.2719,,,,-68.8773,-4.5259,47.8094,,,,,-69.1529,-4.4023,16.1061,0.7094,0.3294,0.6347,40.8394,0.2217,0.8833,0.2803
2.6492,T000001,veh1,seg1,prediction_only,-69.2122,-4.5475,47.5241,,,,,,,,,,,-68.9442,-4.3931,16.1104,0.7177,0.3294,0.6347,41.0483,0.2288,0.9147,0.3093
2.6622,T000001,veh1,seg1,prediction_only,-69.0002,-4.7383,47.8094,,,,,,,,,,,-68.7355,-4.3838,16.1146,0.7259,0.3294,0.6347,41.2573,0.2365,0.9478,0.4425
2.6751,T000001,veh1,seg1,prediction_only,-68.7935,-4.9294,48.0909,,,,,,,,,,,-68.5267,-4.3743,16.1189,0.7341,0.3294,0.6347,41.4663,0.2447,0.9831,0.6159
2.6881,T000001,veh1,seg1,prediction_only,-68.5732,-5.1087,48.3750,,,,,,,,,,,-68.3179,-4.3647,16.1232,0.7423,0.3294,0.6347,41.6753,0.2534,1.0212,0.7866
2.7010,T000001,veh1,seg1,prediction_only,-68.3796,-4.9052,48.6559,,,,,,,,,,,-68.1090,-4.3551,16.1274,0.7505,0.3294,0.6347,41.8845,0.2627,1.0622,0.6131
2.7140,T000001,veh1,seg1,prediction_only,-68.1801,-4.8759,48.8576,,,,,,,,,,,-67.9000,-4.3453,16.1317,0.7588,0.3294,0.6347,42.0936,0.2726,1.1066,0.6000
2.7270,T000001,veh1,seg1,prediction_only,-67.9666,-4.8732,49.0710,,,,,,,,,,,-67.6910,-4.3354,16.1360,0.7670,0.3294,0.6347,42.3029,0.2830,1.1544,0.6043
2.7399,T000001,veh1,seg1,prediction_only,-67.7639,-4.9188,49.2788,,,,,,,,,,,-67.4819,-4.3254,16.1402,0.7752,0.3294,0.6347,42.5122,0.2941,1.2059,0.6570
2.7422,T000001,veh1,seg1,position+velocity,-67.7639,-4.9188,49.2788,,,,-68.2597,-5.0838,48.6559,,,,,-67.7501,-4.5959,15.2830,0.0588,-1.0563,-0.4255,42.8931,0.2187,0.9050,0.3232
2.7551,T000001,veh1,seg1,prediction_only,-67.5829,-4.8711,49.4661,,,,,,,,,,,-67.5522,-4.5952,15.2693,0.0533,-1.0563,-0.4255,43.0910,0.2262,0.9387,0.2776
2.7681,T000001,veh1,seg1,prediction_only,-67.3681,-4.8296,49.6848,,,,,,,,,,,-67.3545,-4.5945,15.2556,0.0478,-1.0563,-0.4255,43.2887,0.2341,0.9741,0.2355
2.7810,T000001,veh1,seg1,prediction_only,-67.1981,-4.6846,49.9082,,,,,,,,,,,-67.1570,-4.5940,15.2419,0.0422,-1.0563,-0.4255,43.4863,0.2427,1.0117,0.0996
2.7940,T000001,veh1,seg1,prediction_only,-67.0224,-4.8140,50.1264,,,,,,,,,,,-66.9596,-4.5934,15.2282,0.0367,-1.0563,-0.4255,43.6836,0.2518,1.0520,0.2293
2.8070,T000001,veh1,seg1,prediction_only,-66.8091,-4.7999,50.3402,,,,,,,,,,,-66.7624,-4.5930,15.2146,0.0312,-1.0563,-0.4255,43.8808,0.2615,1.0952,0.2121
2.8199,T000001,veh1,seg1,prediction_only,-66.6013,-4.9574,50.6009,,,,,,,,,,,-66.5654,-4.5926,15.2009,0.0257,-1.0563,-0.4255,44.0778,0.2718,1.1416,0.3665
2.8329,T000001,veh1,seg1,prediction_only,-66.4038,-4.8472,50.8270,,,,,,,,,,,-66.3686,-4.5923,15.1872,0.0202,-1.0563,-0.4255,44.2747,0.2827,1.1913,0.2573
2.8434,T000001,veh1,seg1,position+velocity,-66.1923,-4.7835,51.0479,,,,-65.9925,-4.8696,51.3118,,,,,-66.1224,-4.6655,15.4606,-0.0921,-0.5094,-0.3875,44.5314,0.2172,0.9232,0.1372
2.8563,T000001,veh1,seg1,prediction_only,-65.9827,-4.9438,51.3118,,,,,,,,,,,-65.9222,-4.6667,15.4540,-0.0971,-0.5094,-0.3875,44.7317,0.2248,0.9583,0.2837
2.8693,T000001,veh1,seg1,prediction_only,-65.7831,-4.9072,51.5147,,,,,,,,,,,-65.7220,-4.6680,15.4474,-0.1021,-0.5094,-0.3875,44.9319,0.2331,0.9952,0.2468
2.8822,T000001,veh1,seg1,prediction_only,-65.5936,-4.9362,51.7064,,,,,,,,,,,-65.5219,-4.6694,15.4408,-0.1072,-0.5094,-0.3875,45.1319,0.2419,1.0342,0.2763
2.8952,T000001,veh1,seg1,prediction_only,-65.4044,-4.6172,52.0773,,,,,,,,,,,-65.3220,-4.6708,15.4342,-0.1122,-0.5094,-0.3875,45.3319,0.2513,1.0758,0.0983
2.9082,T000001,veh1,seg1,prediction_only,-65.2039,-4.8222,52.3640,,,,,,,,,,,-65.1221,-4.6723,15.4276,-0.1172,-0.5094,-0.3875,45.5318,0.2614,1.1203,0.1709
2.9211,T000001,veh1,seg1,prediction_only,-64.9811,-4.9314,52.6121,,,,,,,,,,,-64.9222,-4.6738,15.4210,-0.1222,-0.5094,-0.3875,45.7317,0.2720,1.1679,0.2642
2.9341,T000001,veh1,seg1,prediction_only,-64.7705,-5.1124,52.8898,,,,,,,,,,,-64.7225,-4.6754,15.4144,-0.1272,-0.5094,-0.3875,45.9314,0.2834,1.2188,0.4396
2.9470,T000001,veh1,seg1,prediction_only,-64.5786,-4.8885,53.1847,,,,,,,,,,,-64.5229,-4.6771,15.4078,-0.1323,-0.5094,-0.3875,46.1310,0.2954,1.2732,0.2186
2.9600,T000001,veh1,seg1,prediction_only,-64.3664,-4.8324,53.4042,,,,,,,,,,,-64.3233,-4.6789,15.4012,-0.1373,-0.5094,-0.3875,46.3306,0.3082,1.3310,0.1595
2.9729,T000001,veh1,seg1,prediction_only,-64.1668,-4.7851,53.6093,,,,,,,,,,,-64.1238,-4.6807,15.3946,-0.1423,-0.5094,-0.3875,46.5301,0.3217,1.3925,0.1129
2.9859,T000001,veh1,seg1,prediction_only,-63.9700,-4.6635,53.8406,,,,,,,,,,,-63.9244,-4.6826,15.3880,-0.1473,-0.5094,-0.3875,46.7295,0.3360,1.4575,0.0494
2.9988,T000001,veh1,seg1,prediction_only,-63.7602,-4.6212,54.0547,,,,,,,,,,,-63.7251,-4.6845,15.3814,-0.1523,-0.5094,-0.3875,46.9288,0.3511,1.5261,0.0724
3.0118,T000001,veh1,seg1,prediction_only,-63.5548,-4.7370,54.2905,,,,,,,,,,,-63.5259,-4.6865,15.3748,-0.1574,-0.5094,-0.3875,47.1280,0.3671,1.5982,0.0582
3.0248,T000001,veh1,seg1,prediction_only,-63.3513,-4.7984,54.5030,,,,,,,,,,,-63.3268,-4.6886,15.3682,-0.1624,-0.5094,-0.3875,47.3272,0.3840,1.6738,0.1125
3.0377,T000001,veh1,seg1,prediction_only,-63.1429,-4.6880,54.7389,,,,,,,,,,,-63.1277,-4.6907,15.3616,-0.1674,-0.5094,-0.3875,47.5262,0.4019,1.7528,0.0154
3.0507,T000001,veh1,seg1,prediction_only,-62.9369,-4.8429,54.9966,,,,,,,,,,,-62.9288,-4.6929,15.3550,-0.1724,-0.5094,-0.3875,47.7252,0.4207,1.8351,0.1502
3.0636,T000001,veh1,seg1,prediction_only,-62.7363,-4.8204,55.1984,,,,,,,,,,,-62.7299,-4.6952,15.3484,-0.1774,-0.5094,-0.3875,47.9241,0.4405,1.9206,0.1254
3.0766,T000001,veh1,seg1,prediction_only,-62.5459,-4.7326,55.4081,,,,,,,,,,,-62.5311,-4.6975,15.3418,-0.1825,-0.5094,-0.3875,48.1229,0.4615,2.0093,0.0381
3.0895,T000001,veh1,seg1,prediction_only,-62.3462,-4.6751,55.6159,,,,,,,,,,,-62.3324,-4.6999,15.3352,-0.1875,-0.5094,-0.3875,48.3216,0.4835,2.1011,0.0284
3.1025,T000001,veh1,seg1,prediction_only,-62.1398,-4.8142,55.8648,,,,,,,,,,,-62.1338,-4.7024,15.3286,-0.1925,-0.5094,-0.3875,48.5203,0.5067,2.1960,0.1120
3.1154,T000001,veh1,seg1,prediction_only,-61.9254,-4.7673,56.0843,,,,,,,,,,,-61.9352,-4.7049,15.3220,-0.1975,-0.5094,-0.3875,48.7188,0.5311,2.2937,0.0632
3.1284,T000001,veh1,seg1,prediction_only,-61.7540,-4.8799,56.2893,,,,,,,,,,,-61.7368,-4.7075,15.3154,-0.2025,-0.5094,-0.3875,48.9173,0.5567,2.3943,0.1733
3.1413,T000001,veh1,seg1,prediction_only,-61.5780,-4.5728,56.6433,,,,,,,,,,,-61.5384,-4.7101,15.3088,-0.2076,-0.5094,-0.3875,49.1157,0.5836,2.4976,0.1429
3.1543,T000001,veh1,seg1,prediction_only,-61.3727,-4.3475,56.9481,,,,,,,,,,,-61.3401,-4.7129,15.3022,-0.2126,-0.5094,-0.3875,49.3140,0.6119,2.6037,0.3668
3.1673,T000001,veh1,seg1,prediction_only,-61.1711,-4.3532,57.1498,,,,,,,,,,,-61.1419,-4.7156,15.2956,-0.2176,-0.5094,-0.3875,49.5122,0.6415,2.7124,0.3636
3.1802,T000001,veh1,seg1,prediction_only,-60.9693,-4.3775,57.3530,,,,,,,,,,,-60.9438,-4.7185,15.2890,-0.2226,-0.5094,-0.3875,49.7103,0.6724,2.8236,0.3419
3.1932,T000001,veh1,seg1,prediction_only,-60.7603,-4.2987,57.5764,,,,,,,,,,,-60.7458,-4.7214,15.2824,-0.2276,-0.5094,-0.3875,49.9084,0.7049,2.9374,0.4230
3.2061,T000001,veh1,seg1,prediction_only,-60.5805,-4.2535,57.7618,,,,,,,,,,,-60.5479,-4.7244,15.2759,-0.2327,-0.5094,-0.3875,50.1063,0.7387,3.0536,0.4720
3.2191,T000001,veh1,seg1,prediction_only,-60.4167,-3.9766,58.0836,,,,,,,,,,,-60.3500,-4.7274,15.2693,-0.2377,-0.5094,-0.3875,50.3042,0.7741,3.1722,0.7538
3.2320,T000001,veh1,seg1,prediction_only,-60.1949,-4.1272,58.3517,,,,,,,,,,,-60.1523,-4.7306,15.2627,-0.2427,-0.5094,-0.3875,50.5020,0.8110,3.2931,0.6049
3.2450,T000001,veh1,seg1,prediction_only,-59.9906,-4.1833,58.5635,,,,,,,,,,,-59.9546,-4.7337,15.2561,-0.2477,-0.5094,-0.3875,50.6997,0.8495,3.4163,0.5516
3.2579,T000001,veh1,seg1,prediction_only,-59.8176,-4.1690,58.7372,,,,,,,,,,,-59.7570,-4.7370,15.2495,-0.2527,-0.5094,-0.3875,50.8973,0.8896,3.5417,0.5712
3.2709,T000001,veh1,seg1,prediction_only,-59.6065,-4.1421,58.9499,,,,,,,,,,,-59.5595,-4.7403,15.2429,-0.2577,-0.5094,-0.3875,51.0948,0.9312,3.6693,0.6000
3.2838,T000001,veh1,seg1,prediction_only,-59.4025,-4.1718,59.1561,,,,,,,,,,,-59.3620,-4.7436,15.2363,-0.2628,-0.5094,-0.3875,51.2923,0.9746,3.7991,0.5732
3.2968,T000001,veh1,seg1,prediction_only,-59.2036,-4.1235,59.3608,,,,,,,,,,,-59.1647,-4.7471,15.2297,-0.2678,-0.5094,-0.3875,51.4897,1.0196,3.9309,0.6248
3.3098,T000001,veh1,seg1,prediction_only,-58.9830,-4.2966,59.6411,,,,,,,,,,,-58.9675,-4.7506,15.2231,-0.2728,-0.5094,-0.3875,51.6870,1.0664,4.0648,0.4543
3.3227,T000001,veh1,seg1,prediction_only,-58.7825,-4.2577,59.8454,,,,,,,,,,,-58.7703,-4.7542,15.2165,-0.2778,-0.5094,-0.3875,51.8842,1.1148,4.2008,0.4966
3.3357,T000001,veh1,seg1,prediction_only,-58.5817,-4.2413,60.0469,,,,,,,,,,,-58.5732,-4.7578,15.2099,-0.2828,-0.5094,-0.3875,52.0813,1.1651,4.3387,0.5166
3.3486,T000001,veh1,seg1,prediction_only,-58.3699,-4.2416,60.2587,,,,,,,,,,,-58.3762,-4.7615,15.2033,-0.2879,-0.5094,-0.3875,52.2783,1.2171,4.4786,0.5200
3.3598,T000001,veh1,seg1,position+velocity,-58.1655,-4.3139,60.4755,,,,-57.9770,-4.4191,60.6884,,,,,-58.0166,-4.4568,15.6638,0.5038,0.0768,0.6606,52.7496,0.3387,1.0443,0.2063
3.3727,T000001,veh1,seg1,prediction_only,-57.9677,-4.2352,60.6884,,,,,,,,,,,-57.8137,-4.4502,15.6648,0.5124,0.0768,0.6606,52.9526,0.3485,1.0684,0.2645
3.3857,T000001,veh1,seg1,prediction_only,-57.7557,-4.1789,60.9077,,,,,,,,,,,-57.6108,-4.4435,15.6658,0.5209,0.0768,0.6606,53.1557,0.3586,1.0935,0.3018
3.3986,T000001,veh1,seg1,prediction_only,-57.5503,-4.2884,61.1405,,,,,,,,,,,-57.4078,-4.4367,15.6668,0.5295,0.0768,0.6606,53.3588,0.3692,1.1201,0.2057
3.4116,T000001,veh1,seg1,prediction_only,-57.3533,-4.5228,61.4467,,,,,,,,,,,-57.2048,-4.4298,15.6678,0.5381,0.0768,0.6606,53.5618,0.3802,1.1488,0.1752
3.4245,T000001,veh1,seg1,prediction_only,-57.1616,-4.6467,61.6750,,,,,,,,,,,-57.0019,-4.4228,15.6688,0.5466,0.0768,0.6606,53.7649,0.3917,1.1799,0.2750
3.4375,T000001,veh1,seg1,prediction_only,-56.9633,-4.5625,61.8904,,,,,,,,,,,-56.7989,-4.4156,15.6698,0.5552,0.0768,0.6606,53.9681,0.4035,1.2138,0.2205
3.4504,T000001,veh1,seg1,prediction_only,-56.7643,-4.4778,62.1067,,,,,,,,,,,-56.5959,-4.4084,15.6708,0.5637,0.0768,0.6606,54.1712,0.4158,1.2509,0.1822
3.4634,T000001,veh1,seg1,prediction_only,-56.5467,-4.5872,62.3502,,,,,,,,,,,-56.3929,-4.4010,15.6718,0.5723,0.0768,0.6606,54.3743,0.4286,1.2913,0.2415
3.4763,T000001,veh1,seg1,prediction_only,-56.3417,-4.6852,62.5775,,,,,,,,,,,-56.1898,-4.3936,15.6728,0.5809,0.0768,0.6606,54.5775,0.4419,1.3352,0.3288
3.4893,T000001,veh1,seg1,prediction_only,-56.1677,-4.6306,62.7598,,,,,,,,,,,-55.9868,-4.3860,15.6738,0.5894,0.0768,0.6606,54.7807,0.4556,1.3829,0.3043
3.5023,T000001,veh1,seg1,prediction_only,-55.9497,-4.7495,63.0081,,,,,,,,,,,-55.7837,-4.3783,15.6748,0.5980,0.0768,0.6606,54.9839,0.4699,1.4344,0.4066
3.5152,T000001,veh1,seg1,prediction_only,-55.7515,-4.6423,63.2335,,,,,,,,,,,-55.5807,-4.3705,15.6758,0.6065,0.0768,0.6606,55.1871,0.4847,1.4898,0.3210
3.5282,T000001,veh1,seg1,prediction_only,-55.5484,-4.7038,63.4458,,,,,,,,,,,-55.3776,-4.3626,15.6768,0.6151,0.0768,0.6606,55.3903,0.5002,1.5490,0.3816
3.5411,T000001,veh1,seg1,prediction_only,-55.3422,-4.7039,63.6519,,,,,,,,,,,-55.1745,-4.3546,15.6778,0.6236,0.0768,0.6606,55.5936,0.5162,1.6121,0.3876
3.5541,T000001,veh1,seg1,prediction_only,-55.1492,-4.5065,63.9281,,,,,,,,,,,-54.9714,-4.3464,15.6788,0.6322,0.0768,0.6606,55.7969,0.5329,1.6790,0.2392
3.5659,T000001,veh1,seg1,position+velocity,-54.9437,-4.5998,64.1537,,,,-55.3696,-4.3210,63.9281,,,,,-55.1224,-4.3316,14.9866,0.6467,-0.6497,0.6546,55.9487,0.3087,0.9598,0.3223
3.5788,T000001,veh1,seg1,prediction_only,-54.7315,-4.5407,64.3740,,,,,,,,,,,-54.9283,-4.3232,14.9782,0.6552,-0.6497,0.6546,56.1429,0.3170,0.9844,0.2933
3.5918,T000001,veh1,seg1,prediction_only,-54.5332,-4.4543,64.5903,,,,,,,,,,,-54.7344,-4.3147,14.9697,0.6636,-0.6497,0.6546,56.3371,0.3256,1.0103,0.2449
3.6047,T000001,veh1,seg1,prediction_only,-54.3455,-4.1000,64.9913,,,,,,,,,,,-54.5405,-4.3060,14.9613,0.6721,-0.6497,0.6546,56.5312,0.3347,1.0380,0.2837
3.6177,T000001,veh1,seg1,prediction_only,-54.1786,-3.9203,65.2365,,,,,,,,,,,-54.3467,-4.2972,14.9529,0.6806,-0.6497,0.6546,56.7251,0.3442,1.0681,0.4127
3.6306,T000001,veh1,seg1,prediction_only,-53.9785,-3.8995,65.4376,,,,,,,,,,,-54.1531,-4.2884,14.9445,0.6891,-0.6497,0.6546,56.9190,0.3541,1.1010,0.4263
3.6436,T000001,veh1,seg1,prediction_only,-53.7801,-3.8307,65.6476,,,,,,,,,,,-53.9595,-4.2794,14.9361,0.6976,-0.6497,0.6546,57.1127,0.3645,1.1369,0.4832
3.6566,T000001,veh1,seg1,prediction_only,-53.5682,-3.7707,65.8678,,,,,,,,,,,-53.7661,-4.2703,14.9277,0.7060,-0.6497,0.6546,57.3064,0.3753,1.1763,0.5374
3.6686,T000001,veh1,seg1,position+velocity,-53.3713,-3.8652,66.0863,,,,-52.5461,-4.6310,67.1716,,,,,-53.1181,-4.4247,15.9335,0.3732,0.5289,0.2790,57.9725,0.2697,0.9032,0.6142
3.6815,T000001,veh1,seg1,prediction_only,-53.1706,-3.8674,66.2870,,,,,,,,,,,-52.9116,-4.4199,15.9404,0.3769,0.5289,0.2790,58.1790,0.2768,0.9302,0.6101
3.6945,T000001,veh1,seg1,prediction_only,-52.9687,-3.9498,66.5050,,,,,,,,,,,-52.7051,-4.4149,15.9472,0.3805,0.5289,0.2790,58.3856,0.2844,0.9588,0.5347
3.7074,T000001,veh1,seg1,prediction_only,-52.7697,-3.9182,66.7065,,,,,,,,,,,-52.4985,-4.4100,15.9541,0.3841,0.5289,0.2790,58.5923,0.2924,0.9896,0.5616
3.7204,T000001,veh1,seg1,prediction_only,-52.5725,-3.9966,66.9187,,,,,,,,,,,-52.2917,-4.4050,15.9609,0.3877,0.5289,0.2790,58.7991,0.3009,1.0231,0.4956
3.7333,T000001,veh1,seg1,prediction_only,-52.3551,-4.1258,67.1716,,,,,,,,,,,-52.0849,-4.4000,15.9678,0.3913,0.5289,0.2790,59.0060,0.3098,1.0597,0.3849
3.7463,T000001,veh1,seg1,prediction_only,-52.1532,-4.1232,67.3735,,,,,,,,,,,-51.8780,-4.3949,15.9746,0.3949,0.5289,0.2790,59.2130,0.3193,1.0996,0.3867
3.7592,T000001,veh1,seg1,prediction_only,-51.9523,-4.0853,67.5780,,,,,,,,,,,-51.6710,-4.3897,15.9815,0.3985,0.5289,0.2790,59.4200,0.3293,1.1431,0.4144
3.7722,T000001,veh1,seg1,prediction_only,-51.7379,-4.0849,67.7923,,,,,,,,,,,-51.4640,-4.3845,15.9884,0.4022,0.5289,0.2790,59.6272,0.3398,1.1903,0.4060
3.7729,T000001,veh1,seg1,position+velocity,-51.7379,-4.0849,67.7923,,,,-52.3923,-3.8972,66.9187,,,,,-51.8106,-4.2004,15.1798,0.8124,-0.5148,0.7965,60.0196,0.2533,0.9163,0.1364
3.7858,T000001,veh1,seg1,prediction_only,-51.5365,-4.0776,67.9939,,,,,,,,,,,-51.6139,-4.1898,15.1732,0.8228,-0.5148,0.7965,60.2165,0.2605,0.9472,0.1363
3.7988,T000001,veh1,seg1,prediction_only,-51.3389,-3.9205,68.2463,,,,,,,,,,,-51.4174,-4.1791,15.1665,0.8331,-0.5148,0.7965,60.4134,0.2681,0.9799,0.2702
3.8117,T000001,veh1,seg1,prediction_only,-51.1323,-3.7859,68.4929,,,,,,,,,,,-51.2210,-4.1682,15.1598,0.8434,-0.5148,0.7965,60.6101,0.2762,1.0148,0.3925
3.8247,T000001,veh1,seg1,prediction_only,-50.9347,-3.6897,68.7127,,,,,,,,,,,-51.0246,-4.1572,15.1532,0.8537,-0.5148,0.7965,60.8067,0.2848,1.0523,0.4761
3.8377,T000001,veh1,seg1,prediction_only,-50.7333,-3.6917,68.9141,,,,,,,,,,,-50.8284,-4.1461,15.1465,0.8640,-0.5148,0.7965,61.0033,0.2940,1.0929,0.4642
3.8506,T000001,veh1,seg1,prediction_only,-50.5245,-3.4946,69.2012,,,,,,,,,,,-50.6322,-4.1348,15.1398,0.8743,-0.5148,0.7965,61.1998,0.3037,1.1367,0.6493
3.8636,T000001,veh1,seg1,prediction_only,-50.3298,-3.2923,69.4820,,,,,,,,,,,-50.4361,-4.1234,15.1332,0.8847,-0.5148,0.7965,61.3962,0.3141,1.1840,0.8379
3.8765,T000001,veh1,seg1,prediction_only,-50.1343,-3.3570,69.6880,,,,,,,,,,,-50.2401,-4.1119,15.1265,0.8950,-0.5148,0.7965,61.5926,0.3251,1.2350,0.7622
3.8776,T000001,veh1,seg1,position+velocity,-50.1343,-3.3570,69.6880,,,,-49.6152,-3.4605,70.3224,,,,,-50.0022,-3.8996,15.6929,1.3310,0.3543,1.2636,61.9114,0.2460,0.9512,0.5584
3.8905,T000001,veh1,seg1,prediction_only,-49.9175,-3.4203,69.9138,,,,,,,,,,,-49.7989,-3.8823,15.6975,1.3474,0.3543,1.2636,62.1155,0.2535,0.9853,0.4770
3.9035,T000001,veh1,seg1,prediction_only,-49.7135,-3.5106,70.1369,,,,,,,,,,,-49.5955,-3.8647,15.7020,1.3638,0.3543,1.2636,62.3196,0.2616,1.0211,0.3732
3.9164,T000001,veh1,seg1,prediction_only,-49.5302,-3.4820,70.3224,,,,,,,,,,,-49.3921,-3.8469,15.7066,1.3802,0.3543,1.2636,62.5238,0.2702,1.0591,0.3902
3.9294,T000001,veh1,seg1,prediction_only,-49.3094,-3.5885,70.5676,,,,,,,,,,,-49.1886,-3.8289,15.7112,1.3965,0.3543,1.2636,62.7281,0.2794,1.0997,0.2691
3.9423,T000001,veh1,seg1,prediction_only,-49.1095,-3.5594,70.7697,,,,,,,,,,,-48.9850,-3.8107,15.7158,1.4129,0.3543,1.2636,62.9325,0.2892,1.1431,0.2805
3.9553,T000001,veh1,seg1,prediction_only,-48.9038,-3.6797,71.0079,,,,,,,,,,,-48.7814,-3.7923,15.7204,1.4293,0.3543,1.2636,63.1370,0.2996,1.1897,0.1663
3.9682,T000001,veh1,seg1,prediction_only,-48.6924,-3.6020,71.2332,,,,,,,,,,,-48.5777,-3.7737,15.7250,1.4456,0.3543,1.2636,63.3415,0.3107,1.2395,0.2065
3.9812,T000001,veh1,seg1,prediction_only,-48.4939,-3.5353,71.4426,,,,,,,,,,,-48.3740,-3.7549,15.7296,1.4620,0.3543,1.2636,63.5461,0.3225,1.2928,0.2502
3.9824,T000001,veh1,seg1,position+velocity,-48.4939,-3.5353,71.4426,,,,-48.6887,-3.8942,71.2332,,,,,-48.4698,-3.8299,15.4219,1.1460,-0.1368,0.5388,63.6679,0.2448,0.9895,0.2956
3.9954,T000001,veh1,seg1,prediction_only,-48.3052,-3.4664,71.6435,,,,,,,,,,,-48.2700,-3.8150,15.4201,1.1529,-0.1368,0.5388,63.8682,0.2529,1.0256,0.3504
4.0083,T000001,veh1,seg1,prediction_only,-48.1251,-3.2785,71.9038,,,,,,,,,,,-48.0703,-3.8001,15.4184,1.1599,-0.1368,0.5388,64.0685,0.2615,1.0633,0.5245
4.0213,T000001,veh1,seg1,prediction_only,-47.9298,-3.1092,72.1622,,,,,,,,,,,-47.8706,-3.7850,15.4166,1.1669,-0.1368,0.5388,64.2688,0.2708,1.1031,0.6784
4.0342,T000001,veh1,seg1,prediction_only,-47.7316,-3.0329,72.3746,,,,,,,,,,,-47.6709,-3.7698,15.4148,1.1739,-0.1368,0.5388,64.4691,0.2807,1.1453,0.7395
4.0472,T000001,veh1,seg1,prediction_only,-47.5167,-3.0935,72.5979,,,,,,,,,,,-47.4712,-3.7546,15.4130,1.1809,-0.1368,0.5388,64.6693,0.2912,1.1904,0.6627
4.0602,T000001,veh1,seg1,prediction_only,-47.3210,-2.9618,72.8338,,,,,,,,,,,-47.2715,-3.7392,15.4113,1.1878,-0.1368,0.5388,64.8696,0.3024,1.2384,0.7790
4.0731,T000001,veh1,seg1,prediction_only,-47.1190,-2.9862,73.0372,,,,,,,,,,,-47.0719,-3.7238,15.4095,1.1948,-0.1368,0.5388,65.0698,0.3142,1.2895,0.7391
4.0861,T000001,veh1,seg1,prediction_only,-46.9040,-3.0542,73.2627,,,,,,,,,,,-46.8723,-3.7083,15.4077,1.2018,-0.1368,0.5388,65.2700,0.3268,1.3440,0.6549
4.0990,T000001,veh1,seg1,prediction_only,-46.6979,-3.1369,73.4848,,,,,,,,,,,-46.6727,-3.6927,15.4059,1.2088,-0.1368,0.5388,65.4702,0.3401,1.4020,0.5563
4.1120,T000001,veh1,seg1,prediction_only,-46.4996,-3.0748,73.6926,,,,,,,,,,,-46.4731,-3.6770,15.4042,1.2158,-0.1368,0.5388,65.6704,0.3541,1.4633,0.6028
4.1249,T000001,veh1,seg1,prediction_only,-46.2827,-3.1091,73.9122,,,,,,,,,,,-46.2736,-3.6612,15.4024,1.2227,-0.1368,0.5388,65.8706,0.3690,1.5282,0.5522
4.1379,T000001,veh1,seg1,prediction_only,-46.0783,-3.1402,74.1190,,,,,,,,,,,-46.0740,-3.6453,15.4006,1.2297,-0.1368,0.5388,66.0708,0.3847,1.5965,0.5051
4.1508,T000001,veh1,seg1,prediction_only,-45.8733,-3.2282,74.3420,,,,,,,,,,,-45.8745,-3.6293,15.3989,1.2367,-0.1368,0.5388,66.2709,0.4013,1.6683,0.4011
4.1638,T000001,veh1,seg1,prediction_only,-45.6996,-2.8695,74.7406,,,,,,,,,,,-45.6751,-3.6132,15.3971,1.2437,-0.1368,0.5388,66.4710,0.4187,1.7435,0.7442
4.1768,T000001,veh1,seg1,prediction_only,-45.5001,-2.9436,74.9535,,,,,,,,,,,-45.4756,-3.5971,15.3953,1.2507,-0.1368,0.5388,66.6711,0.4372,1.8221,0.6539
4.1889,T000001,veh1,seg1,position+velocity,-45.3023,-2.8574,75.1692,,,,-45.4308,-2.5782,75.1692,,,,,-45.3417,-3.1814,15.2762,2.2209,-0.2663,1.7796,67.1079,0.2875,1.1185,0.3263
4.2019,T000001,veh1,seg1,prediction_only,-45.0909,-2.7285,75.4168,,,,,,,,,,,-45.1438,-3.1524,15.2727,2.2440,-0.2663,1.7796,67.3078,0.2977,1.1540,0.4272
4.2148,T000001,veh1,seg1,prediction_only,-44.8942,-2.5757,75.6659,,,,,,,,,,,-44.9460,-3.1232,15.2693,2.2670,-0.2663,1.7796,67.5078,0.3085,1.1907,0.5500
4.2278,T000001,veh1,seg1,prediction_only,-44.7273,-2.6299,75.8414,,,,,,,,,,,-44.7482,-3.0937,15.2658,2.2901,-0.2663,1.7796,67.7078,0.3199,1.2291,0.4643
4.2407,T000001,veh1,seg1,prediction_only,-44.5162,-2.6034,76.0542,,,,,,,,,,,-44.5505,-3.0639,15.2624,2.3131,-0.2663,1.7796,67.9078,0.3319,1.2694,0.4618
4.2537,T000001,veh1,seg1,prediction_only,-44.3076,-2.7911,76.3348,,,,,,,,,,,-44.3528,-3.0338,15.2589,2.3362,-0.2663,1.7796,68.1077,0.3445,1.3122,0.2469
4.2666,T000001,veh1,seg1,prediction_only,-44.1056,-2.8140,76.5381,,,,,,,,,,,-44.1551,-3.0034,15.2555,2.3593,-0.2663,1.7796,68.3077,0.3578,1.3575,0.1958
4.2796,T000001,veh1,seg1,prediction_only,-43.8878,-2.8449,76.7580,,,,,,,,,,,-43.9575,-2.9726,15.2520,2.3823,-0.2663,1.7796,68.5077,0.3716,1.4057,0.1455
4.2926,T000001,veh1,seg1,prediction_only,-43.6850,-2.8896,76.9657,,,,,,,,,,,-43.7600,-2.9416,15.2486,2.4054,-0.2663,1.7796,68.7077,0.3862,1.4569,0.0912
4.2927,T000001,veh1,seg1,position+velocity,-43.6850,-2.8896,76.9657,,,,-43.9131,-2.5353,76.7580,,,,,-43.8038,-2.8651,15.1767,2.3431,-0.2815,1.2087,68.7959,0.2724,1.0511,0.1213
4.3056,T000001,veh1,seg1,prediction_only,-43.4927,-2.6090,77.3059,,,,,,,,,,,-43.6073,-2.8346,15.1730,2.3588,-0.2815,1.2087,68.9949,0.2816,1.0848,0.2530
4.3186,T000001,veh1,seg1,prediction_only,-43.2779,-2.6776,77.5314,,,,,,,,,,,-43.4107,-2.8040,15.1694,2.3744,-0.2815,1.2087,69.1938,0.2914,1.1200,0.1833
4.3315,T000001,veh1,seg1,prediction_only,-43.0768,-2.7062,77.7346,,,,,,,,,,,-43.2142,-2.7731,15.1657,2.3901,-0.2815,1.2087,69.3927,0.3018,1.1571,0.1529
4.3445,T000001,veh1,seg1,prediction_only,-42.8814,-2.5616,77.9776,,,,,,,,,,,-43.0178,-2.7420,15.1621,2.4058,-0.2815,1.2087,69.5916,0.3127,1.1964,0.2262
4.3567,T000001,veh1,seg1,position+velocity,-42.6934,-2.7213,78.2244,-43.6791,-2.9812,76.9657,,,,,,,,-42.8252,-2.7592,15.2021,2.1827,-0.1701,0.6410,69.7849,0.3115,1.1457,0.1372
4.3697,T000001,veh1,seg1,prediction_only,-42.4873,-2.8256,78.4554,,,,,,,,,,,-42.6283,-2.7309,15.1999,2.1910,-0.1701,0.6410,69.9839,0.3223,1.1820,0.1699
4.3826,T000001,veh1,seg1,prediction_only,-42.3076,-2.7393,78.6547,,,,,,,,,,,-42.4314,-2.7024,15.1977,2.1993,-0.1701,0.6410,70.1828,0.3338,1.2198,0.1292
4.3947,T000001,veh1,seg1,position+velocity,-42.1010,-2.7377,78.8613,,,,-41.5046,-2.8418,79.5223,,,,,-41.9857,-2.7891,15.8681,1.7250,0.7595,-0.4461,70.6368,0.2599,0.9884,0.1262
4.4077,T000001,veh1,seg1,prediction_only,-41.9172,-2.6503,79.0648,,,,,,,,,,,-41.7801,-2.7668,15.8779,1.7192,0.7595,-0.4461,70.8437,0.2682,1.0233,0.1800
4.4206,T000001,veh1,seg1,prediction_only,-41.7151,-2.5643,79.2844,,,,,,,,,,,-41.5743,-2.7446,15.8877,1.7134,0.7595,-0.4461,71.0506,0.2770,1.0603,0.2288
4.4336,T000001,veh1,seg1,prediction_only,-41.4977,-2.6607,79.5223,,,,,,,,,,,-41.3685,-2.7224,15.8976,1.7076,0.7595,-0.4461,71.2577,0.2863,1.0999,0.1432
4.4465,T000001,veh1,seg1,prediction_only,-41.3352,-2.5924,79.6986,,,,,,,,,,,-41.1624,-2.7003,15.9074,1.7018,0.7595,-0.4461,71.4649,0.2963,1.1423,0.2037
4.4595,T000001,veh1,seg1,prediction_only,-41.1336,-2.7756,79.9710,,,,,,,,,,,-40.9563,-2.6783,15.9172,1.6961,0.7595,-0.4461,71.6722,0.3068,1.1878,0.2022
4.4724,T000001,veh1,seg1,prediction_only,-40.9211,-2.6164,80.2364,,,,,,,,,,,-40.7500,-2.6564,15.9271,1.6903,0.7595,-0.4461,71.8796,0.3179,1.2366,0.1757
4.4854,T000001,veh1,seg1,prediction_only,-40.7258,-2.4311,80.5057,,,,,,,,,,,-40.5436,-2.6345,15.9369,1.6845,0.7595,-0.4461,72.0872,0.3297,1.2888,0.2730
4.4983,T000001,veh1,seg1,prediction_only,-40.5200,-2.5508,80.7437,,,,,,,,,,,-40.3371,-2.6127,15.9468,1.6787,0.7595,-0.4461,72.2948,0.3422,1.3446,0.1931
4.5113,T000001,veh1,seg1,prediction_only,-40.3115,-2.4160,80.9920,,,,,,,,,,,-40.1305,-2.5910,15.9566,1.6729,0.7595,-0.4461,72.5026,0.3553,1.4041,0.2518
4.5242,T000001,veh1,seg1,prediction_only,-40.1139,-2.3265,81.2090,,,,,,,,,,,-39.9237,-2.5694,15.9664,1.6672,0.7595,-0.4461,72.7105,0.3692,1.4671,0.3085
4.5372,T000001,veh1,seg1,prediction_only,-39.9125,-2.2999,81.4121,,,,,,,,,,,-39.7168,-2.5478,15.9763,1.6614,0.7595,-0.4461,72.9186,0.3839,1.5338,0.3159
4.5502,T000001,veh1,seg1,prediction_only,-39.7052,-2.1400,81.6739,,,,,,,,,,,-39.5098,-2.5264,15.9861,1.6556,0.7595,-0.4461,73.1267,0.3994,1.6040,0.4330
4.5629,T000001,veh1,seg1,position+velocity,-39.5027,-2.1467,81.8765,-41.1044,-1.9806,80.5057,,,,,,,,-39.3379,-2.5526,15.8688,1.4237,0.4790,-1.0001,73.3005,0.3816,1.3583,0.4381
4.5759,T000001,veh1,seg1,prediction_only,-39.3143,-2.2690,82.1011,,,,,,,,,,,-39.1323,-2.5343,15.8750,1.4107,0.4790,-1.0001,73.5070,0.3954,1.4013,0.3217
4.5888,T000001,veh1,seg1,prediction_only,-39.1167,-2.2933,82.3002,,,,,,,,,,,-38.9266,-2.5161,15.8812,1.3977,0.4790,-1.0001,73.7135,0.4098,1.4455,0.2928
4.6018,T000001,veh1,seg1,prediction_only,-38.9533,-2.2376,82.4729,,,,,,,,,,,-38.7208,-2.4981,15.8875,1.3848,0.4790,-1.0001,73.9200,0.4248,1.4914,0.3491
4.6147,T000001,veh1,seg1,prediction_only,-38.7459,-2.3631,82.7153,,,,,,,,,,,-38.5150,-2.4802,15.8937,1.3718,0.4790,-1.0001,74.1267,0.4405,1.5390,0.2589
4.6277,T000001,veh1,seg1,prediction_only,-38.5389,-2.1915,82.9841,,,,,,,,,,,-38.3090,-2.4625,15.8999,1.3589,0.4790,-1.0001,74.3333,0.4569,1.5888,0.3554
4.6406,T000001,veh1,seg1,prediction_only,-38.3403,-2.2810,83.2019,,,,,,,,,,,-38.1030,-2.4450,15.9061,1.3459,0.4790,-1.0001,74.5401,0.4739,1.6410,0.2884
4.6536,T000001,veh1,seg1,prediction_only,-38.1226,-2.4227,83.4617,,,,,,,,,,,-37.8969,-2.4277,15.9123,1.3330,0.4790,-1.0001,74.7469,0.4916,1.6956,0.2257
4.6665,T000001,veh1,seg1,prediction_only,-37.9062,-2.4846,83.6868,,,,,,,,,,,-37.6908,-2.4105,15.9185,1.3200,0.4790,-1.0001,74.9538,0.5100,1.7530,0.2278
4.6795,T000001,veh1,seg1,prediction_only,-37.7336,-2.3253,83.9217,,,,,,,,,,,-37.4845,-2.3935,15.9247,1.3070,0.4790,-1.0001,75.1608,0.5291,1.8131,0.2582
4.6924,T000001,veh1,seg1,prediction_only,-37.5483,-2.3145,84.1073,,,,,,,,,,,-37.2782,-2.3766,15.9309,1.2941,0.4790,-1.0001,75.3678,0.5490,1.8760,0.2772
4.7016,T000001,veh1,seg1,position+velocity,-37.3386,-2.2300,84.3334,,,,-37.2080,-2.2942,84.3334,,,,,-37.1906,-2.3668,15.7357,1.1655,0.0992,-1.3916,75.4559,0.3306,1.1810,0.2016
4.7146,T000001,veh1,seg1,prediction_only,-37.1275,-2.4521,84.6398,,,,,,,,,,,-36.9868,-2.3518,15.7370,1.1475,0.0992,-1.3916,75.6603,0.3409,1.2189,0.1728
4.7275,T000001,veh1,seg1,prediction_only,-36.9243,-2.4997,84.8485,,,,,,,,,,,-36.7829,-2.3371,15.7382,1.1294,0.0992,-1.3916,75.8647,0.3519,1.2581,0.2156
4.7405,T000001,veh1,seg1,prediction_only,-36.7104,-2.5370,85.0657,,,,,,,,,,,-36.5790,-2.3226,15.7395,1.1114,0.0992,-1.3916,76.0691,0.3635,1.2990,0.2515
4.7534,T000001,veh1,seg1,prediction_only,-36.5198,-2.2614,85.4007,,,,,,,,,,,-36.3751,-2.3083,15.7408,1.0934,0.0992,-1.3916,76.2735,0.3757,1.3420,0.1521
4.7664,T000001,veh1,seg1,prediction_only,-36.3129,-2.4090,85.6549,,,,,,,,,,,-36.1712,-2.2942,15.7421,1.0754,0.0992,-1.3916,76.4779,0.3885,1.3873,0.1824
4.7670,T000001,veh1,seg1,position+velocity,-36.3129,-2.4090,85.6549,-29.3540,-5.6578,91.9416,,,,,,,,-36.1231,-2.3379,15.8097,0.9169,0.1391,-1.7029,76.5429,0.3649,1.2242,0.2027
4.7800,T000001,veh1,seg1,prediction_only,-36.1003,-2.4104,85.8675,,,,,,,,,,,-35.9183,-2.3262,15.8115,0.8948,0.1391,-1.7029,76.7480,0.3761,1.2621,0.2006
4.7929,T000001,veh1,seg1,prediction_only,-35.8989,-2.4101,86.0690,,,,,,,,,,,-35.7134,-2.3147,15.8133,0.8728,0.1391,-1.7029,76.9532,0.3879,1.3015,0.2086
4.8043,T000001,veh1,seg1,position+velocity,-35.7291,-2.4779,86.2518,,,,-36.3577,-2.4234,85.6549,,,,,-35.8552,-2.3595,15.1087,0.7000,-0.6610,-1.9540,77.1019,0.2914,1.0439,0.1730
4.8173,T000001,veh1,seg1,prediction_only,-35.5187,-2.3647,86.4907,,,,,,,,,,,-35.6596,-2.3506,15.1001,0.6747,-0.6610,-1.9540,77.2978,0.2995,1.0803,0.1416
4.8302,T000001,veh1,seg1,prediction_only,-35.3125,-2.4749,86.7245,,,,,,,,,,,-35.4640,-2.3421,15.0916,0.6494,-0.6610,-1.9540,77.4935,0.3081,1.1188,0.2015
4.8432,T000001,veh1,seg1,prediction_only,-35.1411,-2.3034,86.9670,,,,,,,,,,,-35.2685,-2.3338,15.0830,0.6241,-0.6610,-1.9540,77.6892,0.3173,1.1596,0.1310
4.8562,T000001,veh1,seg1,prediction_only,-34.9332,-2.1513,87.2246,,,,,,,,,,,-35.0732,-2.3259,15.0745,0.5988,-0.6610,-1.9540,77.8847,0.3271,1.2032,0.2238
4.8691,T000001,veh1,seg1,prediction_only,-34.7332,-2.1061,87.4296,,,,,,,,,,,-34.8780,-2.3183,15.0659,0.5735,-0.6610,-1.9540,78.0800,0.3375,1.2497,0.2569
4.8821,T000001,veh1,seg1,prediction_only,-34.5427,-2.0774,87.6223,,,,,,,,,,,-34.6829,-2.3110,15.0573,0.5482,-0.6610,-1.9540,78.2753,0.3486,1.2993,0.2725
4.8950,T000001,veh1,seg1,prediction_only,-34.3335,-2.1496,87.8436,,,,,,,,,,,-34.4878,-2.3041,15.0488,0.5228,-0.6610,-1.9540,78.4704,0.3603,1.3523,0.2184
4.9080,T000001,veh1,seg1,prediction_only,-34.1393,-1.9539,88.1193,,,,,,,,,,,-34.2929,-2.2975,15.0402,0.4975,-0.6610,-1.9540,78.6654,0.3727,1.4087,0.3764
4.9209,T000001,veh1,seg1,prediction_only,-33.9508,-1.9049,88.3141,,,,,,,,,,,-34.0982,-2.2912,15.0316,0.4722,-0.6610,-1.9540,78.8603,0.3859,1.4686,0.4135
4.9339,T000001,veh1,seg1,prediction_only,-33.7340,-1.9456,88.5346,,,,,,,,,,,-33.9035,-2.2852,15.0231,0.4469,-0.6610,-1.9540,79.0551,0.3998,1.5320,0.3795
4.9468,T000001,veh1,seg1,prediction_only,-33.5730,-1.8666,88.7140,,,,,,,,,,,-33.7089,-2.2796,15.0145,0.4216,-0.6610,-1.9540,79.2497,0.4145,1.5989,0.4348
4.9598,T000001,veh1,seg1,prediction_only,-33.3634,-2.0654,89.0029,,,,,,,,,,,-33.5145,-2.2743,15.0060,0.3963,-0.6610,-1.9540,79.4443,0.4301,1.6693,0.2579
4.9711,T000001,veh1,seg1,position+velocity,-33.1545,-1.8617,89.2947,-34.9515,-2.0013,87.2246,,,,,,,,-33.3253,-2.2545,15.1270,0.4412,-0.3216,-1.8016,79.6345,0.3992,1.3441,0.4283
4.9840,T000001,veh1,seg1,prediction_only,-32.9428,-2.0324,89.5666,,,,,,,,,,,-33.1293,-2.2489,15.1229,0.4179,-0.3216,-1.8016,79.8305,0.4120,1.3858,0.2858
4.9970,T000001,veh1,seg1,prediction_only,-32.7478,-1.8591,89.8275,,,,,,,,,,,-32.9334,-2.2437,15.1187,0.3946,-0.3216,-1.8016,80.0265,0.4254,1.4288,0.4270
5.0099,T000001,veh1,seg1,prediction_only,-32.5298,-1.9978,90.0858,,,,,,,,,,,-32.7376,-2.2387,15.1145,0.3712,-0.3216,-1.8016,80.2224,0.4394,1.4733,0.3181
5.0229,T000001,veh1,seg1,prediction_only,-32.3384,-1.8980,90.3017,,,,,,,,,,,-32.5418,-2.2340,15.1104,0.3479,-0.3216,-1.8016,80.4182,0.4540,1.5198,0.3928
5.0358,T000001,veh1,seg1,prediction_only,-32.1366,-1.8924,90.5036,,,,,,,,,,,-32.3461,-2.2297,15.1062,0.3245,-0.3216,-1.8016,80.6140,0.4693,1.5684,0.3971
5.0488,T000001,veh1,seg1,prediction_only,-31.9285,-1.7798,90.7402,,,,,,,,,,,-32.1504,-2.2256,15.1020,0.3012,-0.3216,-1.8016,80.8097,0.4852,1.6194,0.4980
5.0618,T000001,veh1,seg1,prediction_only,-31.7158,-2.0680,91.0984,,,,,,,,,,,-31.9548,-2.2219,15.0979,0.2779,-0.3216,-1.8016,81.0053,0.5019,1.6729,0.2842
5.0747,T000001,veh1,seg1,prediction_only,-31.5136,-2.1180,91.3067,,,,,,,,,,,-31.7593,-2.2184,15.0937,0.2545,-0.3216,-1.8016,81.2009,0.5192,1.7292,0.2654
5.0877,T000001,veh1,seg1,prediction_only,-31.2981,-2.2002,91.5373,,,,,,,,,,,-31.5637,-2.2153,15.0895,0.2312,-0.3216,-1.8016,81.3965,0.5373,1.7883,0.2661
5.1006,T000001,veh1,seg1,prediction_only,-31.0979,-2.1786,91.7387,,,,,,,,,,,-31.3683,-2.2124,15.0854,0.2078,-0.3216,-1.8016,81.5919,0.5561,1.8504,0.2725
5.1136,T000001,veh1,seg1,prediction_only,-30.8954,-2.1915,91.9416,,,,,,,,,,,-31.1729,-2.2099,15.0812,0.1845,-0.3216,-1.8016,81.7873,0.5757,1.9154,0.2781
5.1153,T000001,veh1,seg1,position+velocity,-30.8954,-2.1915,91.9416,,,,-31.0061,-2.0350,91.7387,,,,,-31.0522,-2.1018,15.3701,0.4863,0.1825,-1.3054,81.9494,0.3487,1.2220,0.1807
5.1282,T000001,veh1,seg1,prediction_only,-30.6917,-1.9326,92.2710,,,,,,,,,,,-30.8531,-2.0956,15.3725,0.4694,0.1825,-1.3054,82.1486,0.3589,1.2603,0.2294
5.1412,T000001,veh1,seg1,prediction_only,-30.4870,-1.9110,92.4768,,,,,,,,,,,-30.6539,-2.0896,15.3748,0.4525,0.1825,-1.3054,82.3479,0.3697,1.2998,0.2445
5.1542,T000001,veh1,seg1,prediction_only,-30.2837,-1.8798,92.6826,,,,,,,,,,,-30.4547,-2.0839,15.3772,0.4356,0.1825,-1.3054,82.5471,0.3811,1.3410,0.2663
5.1671,T000001,veh1,seg1,prediction_only,-30.0715,-1.8606,92.8956,,,,,,,,,,,-30.2555,-2.0783,15.3796,0.4186,0.1825,-1.3054,82.7464,0.3932,1.3842,0.2850
5.1801,T000001,veh1,seg1,prediction_only,-29.8783,-1.8284,93.0914,,,,,,,,,,,-30.0563,-2.0730,15.3819,0.4017,0.1825,-1.3054,82.9458,0.4059,1.4297,0.3025
5.1814,T000001,veh1,seg1,position+velocity,-29.8783,-1.8284,93.0914,-28.7174,0.8185,94.6091,,,,,,,,-30.0130,-2.0351,15.4559,0.5064,0.3202,-1.1296,83.0033,0.3766,1.2148,0.2467
5.1944,T000001,veh1,seg1,prediction_only,-29.6778,-1.7478,93.3075,,,,,,,,,,,-29.8127,-2.0287,15.4600,0.4918,0.3202,-1.1296,83.2036,0.3871,1.2515,0.3115
5.2074,T000001,veh1,seg1,prediction_only,-29.4859,-1.7983,93.5059,,,,,,,,,,,-29.6124,-2.0224,15.4642,0.4772,0.3202,-1.1296,83.4041,0.3981,1.2897,0.2573
5.2198,T000001,veh1,seg1,position+velocity,-29.2941,-1.4653,93.8902,,,,-29.2668,-1.2805,93.8902,,,,,-29.3594,-1.7363,15.5962,1.0143,0.4679,-0.5847,83.7860,0.3039,1.0605,0.2787
5.2328,T000001,veh1,seg1,prediction_only,-29.0941,-1.4128,94.0970,,,,,,,,,,,-29.1573,-1.7232,15.6022,1.0067,0.4679,-0.5847,83.9885,0.3116,1.0965,0.3168
5.2457,T000001,veh1,seg1,prediction_only,-28.8892,-1.2379,94.3664,,,,,,,,,,,-28.9551,-1.7102,15.6083,0.9992,0.4679,-0.5847,84.1911,0.3199,1.1345,0.4769
5.2587,T000001,veh1,seg1,prediction_only,-28.6943,-1.0933,94.6091,,,,,,,,,,,-28.7529,-1.6974,15.6144,0.9916,0.4679,-0.5847,84.3937,0.3288,1.1748,0.6069
5.2716,T000001,veh1,seg1,prediction_only,-28.5184,-1.2526,94.8464,,,,,,,,,,,-28.5506,-1.6846,15.6204,0.9840,0.4679,-0.5847,84.5964,0.3383,1.2179,0.4332
5.2846,T000001,veh1,seg1,prediction_only,-28.3056,-1.2457,95.0593,,,,,,,,,,,-28.3482,-1.6719,15.6265,0.9764,0.4679,-0.5847,84.7992,0.3484,1.2639,0.4283
5.2975,T000001,veh1,seg1,prediction_only,-28.1004,-1.3571,95.2928,,,,,,,,,,,-28.1457,-1.6593,15.6325,0.9689,0.4679,-0.5847,85.0021,0.3592,1.3130,0.3056
5.3105,T000001,veh1,seg1,prediction_only,-27.8981,-1.3754,95.4959,,,,,,,,,,,-27.9431,-1.6468,15.6386,0.9613,0.4679,-0.5847,85.2050,0.3706,1.3655,0.2751
5.3235,T000001,veh1,seg1,prediction_only,-27.6849,-1.3358,95.7128,,,,,,,,,,,-27.7405,-1.6344,15.6447,0.9537,0.4679,-0.5847,85.4080,0.3827,1.4214,0.3037
5.3364,T000001,veh1,seg1,prediction_only,-27.4790,-1.4441,95.9455,,,,,,,,,,,-27.5378,-1.6220,15.6507,0.9461,0.4679,-0.5847,85.6111,0.3956,1.4807,0.1874
5.3494,T000001,veh1,seg1,prediction_only,-27.3002,-1.4111,96.1273,,,,,,,,,,,-27.3350,-1.6098,15.6568,0.9386,0.4679,-0.5847,85.8143,0.4093,1.5435,0.2017
5.3623,T000001,veh1,seg1,prediction_only,-27.0912,-1.4072,96.3363,,,,,,,,,,,-27.1321,-1.5977,15.6629,0.9310,0.4679,-0.5847,86.0175,0.4238,1.6099,0.1949
5.3753,T000001,veh1,seg1,prediction_only,-26.8863,-1.4001,96.5413,,,,,,,,,,,-26.9292,-1.5857,15.6689,0.9234,0.4679,-0.5847,86.2208,0.4391,1.6797,0.1905
5.3874,T000001,veh1,seg1,position+velocity,-26.6914,-1.2277,96.8015,-23.7887,2.0479,99.9800,,,,,,,,-26.7118,-1.5557,15.7126,0.8973,0.4742,-0.7295,86.4403,0.4025,1.3086,0.3287
5.4004,T000001,veh1,seg1,prediction_only,-26.4767,-1.2217,97.0163,,,,,,,,,,,-26.5082,-1.5442,15.7187,0.8878,0.4742,-0.7295,86.6442,0.4144,1.3486,0.3240
5.4134,T000001,veh1,seg1,prediction_only,-26.2751,-1.2349,97.2184,,,,,,,,,,,-26.3045,-1.5327,15.7249,0.8784,0.4742,-0.7295,86.8482,0.4269,1.3898,0.2993
5.4263,T000001,veh1,seg1,prediction_only,-26.0754,-1.2052,97.4202,,,,,,,,,,,-26.1008,-1.5214,15.7310,0.8689,0.4742,-0.7295,87.0522,0.4400,1.4328,0.3172
5.4270,T000001,veh1,seg1,position+velocity,-26.0754,-1.2052,97.4202,,,,-26.5550,-1.1339,97.0163,,,,,-26.2782,-1.3795,15.3269,1.1086,-0.0097,-0.5716,87.2794,0.3187,1.1146,0.2674
5.4400,T000001,veh1,seg1,prediction_only,-25.8660,-1.1194,97.6465,,,,,,,,,,,-26.0796,-1.3652,15.3268,1.1012,-0.0097,-0.5716,87.4785,0.3272,1.1522,0.3256
5.4530,T000001,veh1,seg1,prediction_only,-25.6697,-0.9988,97.8769,,,,,,,,,,,-25.8811,-1.3510,15.3267,1.0938,-0.0097,-0.5716,87.6775,0.3363,1.1917,0.4107
5.4659,T000001,veh1,seg1,prediction_only,-25.4622,-1.1827,98.1541,,,,,,,,,,,-25.6825,-1.3369,15.3265,1.0864,-0.0097,-0.5716,87.8766,0.3461,1.2333,0.2689
5.4789,T000001,veh1,seg1,prediction_only,-25.2592,-0.8869,98.5128,,,,,,,,,,,-25.4840,-1.3228,15.3264,1.0790,-0.0097,-0.5716,88.0756,0.3564,1.2773,0.4905
5.4918,T000001,veh1,seg1,prediction_only,-25.0591,-0.8017,98.7303,,,,,,,,,,,-25.2854,-1.3089,15.3263,1.0716,-0.0097,-0.5716,88.2747,0.3674,1.3241,0.5554
5.5048,T000001,veh1,seg1,prediction_only,-24.8539,-0.7940,98.9356,,,,,,,,,,,-25.0869,-1.2951,15.3262,1.0642,-0.0097,-0.5716,88.4737,0.3790,1.3739,0.5525
5.5177,T000001,veh1,seg1,prediction_only,-24.6398,-0.8399,99.1547,,,,,,,,,,,-24.8883,-1.2813,15.3260,1.0568,-0.0097,-0.5716,88.6727,0.3914,1.4267,0.5066
5.5307,T000001,veh1,seg1,prediction_only,-24.4385,-0.7785,99.3650,,,,,,,,,,,-24.6898,-1.2677,15.3259,1.0494,-0.0097,-0.5716,88.8717,0.4045,1.4828,0.5499
5.5436,T000001,veh1,seg1,prediction_only,-24.2376,-0.7710,99.5661,,,,,,,,,,,-24.4912,-1.2541,15.3258,1.0420,-0.0097,-0.5716,89.0707,0.4183,1.5422,0.5456
5.5566,T000001,veh1,seg1,prediction_only,-24.0249,-0.7631,99.7790,,,,,,,,,,,-24.2927,-1.2407,15.3257,1.0346,-0.0097,-0.5716,89.2697,0.4329,1.6050,0.5476
5.5695,T000001,veh1,seg1,prediction_only,-23.8240,-0.7556,99.9800,,,,,,,,,,,-24.0942,-1.2273,15.3255,1.0272,-0.0097,-0.5716,89.4687,0.4483,1.6711,0.5436
5.5825,T000001,veh1,seg1,prediction_only,-23.6223,-0.7584,100.1817,,,,,,,,,,,-23.8956,-1.2141,15.3254,1.0198,-0.0097,-0.5716,89.6677,0.4646,1.7406,0.5314
5.5955,T000001,veh1,seg1,prediction_only,-23.4025,-0.9484,100.4723,,,,,,,,,,,-23.6971,-1.2009,15.3253,1.0124,-0.0097,-0.5716,89.8667,0.4818,1.8135,0.3881
5.5992,T000001,veh1,seg1,position+velocity,-23.4025,-0.9484,100.4723,-23.9022,-0.8021,99.9800,,,,,,,,-23.6235,-1.2274,15.4047,0.8601,0.1759,-0.9190,89.9449,0.4223,1.3365,0.3559
5.6122,T000001,veh1,seg1,prediction_only,-23.2206,-0.9635,100.6548,,,,,,,,,,,-23.4239,-1.2163,15.4070,0.8482,0.1759,-0.9190,90.1448,0.4347,1.3758,0.3244
5.6251,T000001,veh1,seg1,prediction_only,-23.0163,-1.0326,100.8705,,,,,,,,,,,-23.2243,-1.2054,15.4093,0.8363,0.1759,-0.9190,90.3447,0.4476,1.4162,0.2704
5.6375,T000001,veh1,seg1,position+velocity,-22.8056,-0.9780,101.0881,,,,-22.6567,-0.5889,101.0881,,,,,-22.8779,-0.9617,15.7419,1.2522,0.5615,-0.5550,90.7681,0.3305,1.1278,0.0742
5.6504,T000001,veh1,seg1,prediction_only,-22.5970,-1.1111,101.3355,,,,,,,,,,,-22.6740,-0.9456,15.7492,1.2450,0.5615,-0.5550,90.9728,0.3393,1.1647,0.1826
5.6634,T000001,veh1,seg1,prediction_only,-22.4288,-1.1073,101.5038,,,,,,,,,,,-22.4699,-0.9295,15.7565,1.2378,0.5615,-0.5550,91.1775,0.3486,1.2033,0.1825
5.6763,T000001,veh1,seg1,prediction_only,-22.2116,-1.3635,101.8397,,,,,,,,,,,-22.2657,-0.9135,15.7637,1.2306,0.5615,-0.5550,91.3823,0.3585,1.2440,0.4532
5.6893,T000001,veh1,seg1,prediction_only,-22.0083,-1.4481,102.0598,,,,,,,,,,,-22.0615,-0.8976,15.7710,1.2234,0.5615,-0.5550,91.5871,0.3690,1.2872,0.5530
5.7023,T000001,veh1,seg1,prediction_only,-21.8048,-1.5004,102.2700,,,,,,,,,,,-21.8571,-0.8818,15.7783,1.2163,0.5615,-0.5550,91.7921,0.3801,1.3331,0.6208
5.7152,T000001,veh1,seg1,prediction_only,-21.5835,-1.7228,102.5838,,,,,,,,,,,-21.6527,-0.8661,15.7856,1.2091,0.5615,-0.5550,91.9972,0.3919,1.3819,0.8595
5.7282,T000001,veh1,seg1,prediction_only,-21.3878,-1.7008,102.7807,,,,,,,,,,,-21.4481,-0.8505,15.7928,1.2019,0.5615,-0.5550,92.2023,0.4044,1.4338,0.8524
5.7411,T000001,veh1,seg1,prediction_only,-21.1952,-1.5007,103.0584,,,,,,,,,,,-21.2435,-0.8350,15.8001,1.1947,0.5615,-0.5550,92.4075,0.4175,1.4889,0.6675
5.7541,T000001,veh1,seg1,prediction_only,-20.9783,-1.5645,103.2845,,,,,,,,,,,-21.0387,-0.8195,15.8074,1.1875,0.5615,-0.5550,92.6128,0.4314,1.5473,0.7474
5.7670,T000001,veh1,seg1,prediction_only,-20.7846,-1.3674,103.5609,,,,,,,,,,,-20.8339,-0.8042,15.8147,1.1803,0.5615,-0.5550,92.8182,0.4461,1.6092,0.5654
5.7800,T000001,veh1,seg1,prediction_only,-20.5861,-1.3034,103.7695,,,,,,,,,,,-20.6290,-0.7889,15.8219,1.1731,0.5615,-0.5550,93.0237,0.4615,1.6744,0.5162
5.7929,T000001,veh1,seg1,prediction_only,-20.3699,-1.4301,104.0201,,,,,,,,,,,-20.4240,-0.7738,15.8292,1.1659,0.5615,-0.5550,93.2293,0.4778,1.7430,0.6585
5.8056,T000001,veh1,seg1,position+velocity,-20.1651,-1.5297,104.2477,-16.2051,-3.8338,109.1915,,,,,,,,-20.1872,-0.8535,15.8568,0.8431,0.4781,-1.1527,93.4792,0.4296,1.3239,0.6765
5.8186,T000001,veh1,seg1,prediction_only,-19.9632,-1.5467,104.4504,,,,,,,,,,,-19.9817,-0.8427,15.8630,0.8282,0.4781,-1.1527,93.6849,0.4417,1.3623,0.7043
5.8316,T000001,veh1,seg1,prediction_only,-19.7503,-1.5297,104.6640,,,,,,,,,,,-19.7762,-0.8321,15.8692,0.8132,0.4781,-1.1527,93.8907,0.4544,1.4019,0.6981
5.8445,T000001,veh1,seg1,prediction_only,-19.5460,-1.5374,104.8684,,,,,,,,,,,-19.5706,-0.8216,15.8754,0.7983,0.4781,-1.1527,94.0966,0.4676,1.4431,0.7162
5.8454,T000001,veh1,seg1,position+velocity,-19.5460,-1.5374,104.8684,,,,-19.4023,-1.8808,104.8684,,,,,-19.5071,-1.2477,15.9282,-0.0562,0.4350,-2.0639,94.5274,0.3394,1.1327,0.2923
5.8583,T000001,veh1,seg1,prediction_only,-19.3496,-1.3691,105.1271,,,,,,,,,,,-19.3008,-1.2486,15.9338,-0.0830,0.4350,-2.0639,94.7338,0.3482,1.1693,0.1300
5.8713,T000001,veh1,seg1,prediction_only,-19.1382,-1.3229,105.3434,,,,,,,,,,,-19.0943,-1.2499,15.9395,-0.1097,0.4350,-2.0639,94.9403,0.3575,1.2077,0.0852
5.8842,T000001,veh1,seg1,prediction_only,-18.9410,-1.2170,105.5672,,,,,,,,,,,-18.8878,-1.2515,15.9451,-0.1364,0.4350,-2.0639,95.1468,0.3674,1.2482,0.0634
5.8972,T000001,veh1,seg1,prediction_only,-18.7526,-0.9027,105.9338,,,,,,,,,,,-18.6812,-1.2534,15.9508,-0.1632,0.4350,-2.0639,95.3534,0.3779,1.2912,0.3580
5.9101,T000001,veh1,seg1,prediction_only,-18.5321,-1.1061,106.2337,,,,,,,,,,,-18.4745,-1.2557,15.9564,-0.1899,0.4350,-2.0639,95.5601,0.3890,1.3368,0.1603
5.9231,T000001,veh1,seg1,prediction_only,-18.3339,-1.0360,106.4439,,,,,,,,,,,-18.2678,-1.2583,15.9620,-0.2167,0.4350,-2.0639,95.7668,0.4007,1.3854,0.2319
5.9361,T000001,veh1,seg1,prediction_only,-18.1253,-1.1205,106.6690,,,,,,,,,,,-18.0609,-1.2613,15.9677,-0.2434,0.4350,-2.0639,95.9737,0.4131,1.4371,0.1548
5.9490,T000001,veh1,seg1,prediction_only,-17.9152,-0.9976,106.9124,,,,,,,,,,,-17.8540,-1.2647,15.9733,-0.2701,0.4350,-2.0639,96.1806,0.4262,1.4920,0.2739
5.9620,T000001,veh1,seg1,prediction_only,-17.7153,-0.9339,107.1222,,,,,,,,,,,-17.6471,-1.2683,15.9789,-0.2969,0.4350,-2.0639,96.3876,0.4400,1.5502,0.3413
5.9749,T000001,veh1,seg1,prediction_only,-17.5156,-0.8905,107.3265,,,,,,,,,,,-17.4400,-1.2723,15.9846,-0.3236,0.4350,-2.0639,96.5947,0.4546,1.6118,0.3893
5.9879,T000001,veh1,seg1,prediction_only,-17.3025,-0.8131,107.5533,,,,,,,,,,,-17.2329,-1.2767,15.9902,-0.3503,0.4350,-2.0639,96.8018,0.4699,1.6769,0.4688
6.0008,T000001,veh1,seg1,prediction_only,-17.0989,-0.8878,107.7701,,,,,,,,,,,-17.0257,-1.2814,15.9958,-0.3771,0.4350,-2.0639,97.0091,0.4861,1.7453,0.4004
6.0138,T000001,veh1,seg1,prediction_only,-16.9111,-0.8973,107.9582,,,,,,,,,,,-16.8185,-1.2865,16.0015,-0.4038,0.4350,-2.0639,97.2164,0.5032,1.8171,0.4000
6.0160,T000001,veh1,seg1,position+velocity,-16.9111,-0.8973,107.9582,-16.1406,-2.7508,109.1915,,,,,,,,-16.8110,-1.2246,15.8538,-0.0795,0.0891,-1.2970,97.2788,0.4399,1.3319,0.3422
6.0290,T000001,veh1,seg1,prediction_only,-16.7223,-1.1599,108.2816,,,,,,,,,,,-16.6056,-1.2257,15.8550,-0.0964,0.0891,-1.2970,97.4842,0.4520,1.3702,0.1340
6.0419,T000001,veh1,seg1,prediction_only,-16.5251,-1.0422,108.5112,,,,,,,,,,,-16.4002,-1.2271,15.8561,-0.1132,0.0891,-1.2970,97.6896,0.4647,1.4097,0.2231
6.0549,T000001,veh1,seg1,prediction_only,-16.3205,-1.1414,108.7386,,,,,,,,,,,-16.1947,-1.2286,15.8573,-0.1300,0.0891,-1.2970,97.8950,0.4779,1.4508,0.1530
6.0679,T000001,veh1,seg1,prediction_only,-16.1117,-1.0766,108.9573,,,,,,,,,,,-15.9893,-1.2304,15.8584,-0.1468,0.0891,-1.2970,98.1004,0.4917,1.4939,0.1965
6.0808,T000001,veh1,seg1,prediction_only,-15.9064,-1.1895,109.1915,,,,,,,,,,,-15.7839,-1.2324,15.8596,-0.1636,0.0891,-1.2970,98.3059,0.5062,1.5392,0.1299
6.0938,T000001,veh1,seg1,prediction_only,-15.7101,-1.0521,109.4311,,,,,,,,,,,-15.5784,-1.2347,15.8607,-0.1804,0.0891,-1.2970,98.5114,0.5212,1.5870,0.2251
6.1067,T000001,veh1,seg1,prediction_only,-15.5017,-0.9429,109.6663,,,,,,,,,,,-15.3729,-1.2371,15.8619,-0.1972,0.0891,-1.2970,98.7169,0.5368,1.6373,0.3211
6.1197,T000001,veh1,seg1,prediction_only,-15.2968,-1.0727,109.9089,,,,,,,,,,,-15.1674,-1.2398,15.8630,-0.2140,0.0891,-1.2970,98.9224,0.5531,1.6905,0.2113
6.1326,T000001,veh1,seg1,prediction_only,-15.0985,-0.9953,110.1219,,,,,,,,,,,-14.9619,-1.2426,15.8642,-0.2308,0.0891,-1.2970,99.1279,0.5701,1.7466,0.2826
6.1456,T000001,veh1,seg1,prediction_only,-14.8860,-1.0252,110.3364,,,,,,,,,,,-14.7564,-1.2457,15.8653,-0.2476,0.0891,-1.2970,99.3335,0.5878,1.8057,0.2559
6.1585,T000001,veh1,seg1,prediction_only,-14.6848,-1.0316,110.5377,,,,,,,,,,,-14.5509,-1.2491,15.8665,-0.2644,0.0891,-1.2970,99.5390,0.6062,1.8680,0.2554
6.1715,T000001,veh1,seg1,prediction_only,-14.4865,-0.9590,110.7489,,,,,,,,,,,-14.3453,-1.2526,15.8677,-0.2812,0.0891,-1.2970,99.7446,0.6253,1.9334,0.3258
6.1844,T000001,veh1,seg1,prediction_only,-14.2686,-1.1026,111.0098,,,,,,,,,,,-14.1397,-1.2563,15.8688,-0.2980,0.0891,-1.2970,99.9502,0.6453,2.0019,0.2006
6.1974,T000001,veh1,seg1,prediction_only,-14.0662,-1.1378,111.2153,,,,,,,,,,,-13.9342,-1.2603,15.8700,-0.3148,0.0891,-1.2970,100.1558,0.6660,2.0737,0.1801
6.2104,T000001,veh1,seg1,prediction_only,-13.8675,-1.0816,111.4218,,,,,,,,,,,-13.7286,-1.2645,15.8711,-0.3316,0.0891,-1.2970,100.3615,0.6876,2.1486,0.2297
6.2233,T000001,veh1,seg1,prediction_only,-13.6555,-1.0724,111.6339,,,,,,,,,,,-13.5229,-1.2689,15.8723,-0.3484,0.0891,-1.2970,100.5671,0.7101,2.2267,0.2371
6.2246,T000001,veh1,seg1,position+velocity,-13.6555,-1.0724,111.6339,-15.8515,-0.5858,109.4311,,,,,,,,-13.6028,-1.1312,15.6172,0.1046,-0.2839,-0.4969,100.7263,0.5775,1.4858,0.0790
6.2375,T000001,veh1,seg1,prediction_only,-13.4525,-1.1078,111.8400,,,,,,,,,,,-13.4005,-1.1299,15.6135,0.0982,-0.2839,-0.4969,100.9286,0.5919,1.5213,0.0565
6.2505,T000001,veh1,seg1,prediction_only,-13.2424,-1.3605,112.1687,,,,,,,,,,,-13.1983,-1.1287,15.6098,0.0917,-0.2839,-0.4969,101.1309,0.6068,1.5577,0.2360
6.2635,T000001,veh1,seg1,prediction_only,-13.0227,-1.5757,112.4763,,,,,,,,,,,-12.9961,-1.1275,15.6062,0.0853,-0.2839,-0.4969,101.3331,0.6222,1.5956,0.4490
6.2640,T000001,veh1,seg1,position+velocity,-13.0227,-1.5757,112.4763,,,,-13.1182,-1.2888,112.1687,,,,,-13.0549,-1.1886,15.4859,0.0490,-0.3931,-0.3908,101.4179,0.4043,1.1818,0.3884
6.2770,T000001,veh1,seg1,prediction_only,-12.8173,-1.6504,112.6948,,,,,,,,,,,-12.8544,-1.1880,15.4808,0.0440,-0.3931,-0.3908,101.6185,0.4134,1.2154,0.4638
6.2899,T000001,veh1,seg1,prediction_only,-12.6099,-1.7834,112.9412,,,,,,,,,,,-12.6538,-1.1875,15.4757,0.0389,-0.3931,-0.3908,101.8190,0.4229,1.2505,0.5975
6.3029,T000001,veh1,seg1,prediction_only,-12.3978,-1.6598,113.1867,,,,,,,,,,,-12.4534,-1.1870,15.4706,0.0339,-0.3931,-0.3908,102.0195,0.4330,1.2876,0.4760
6.3158,T000001,veh1,seg1,prediction_only,-12.2110,-1.6189,113.3780,,,,,,,,,,,-12.2530,-1.1866,15.4655,0.0288,-0.3931,-0.3908,102.2199,0.4436,1.3270,0.4343
6.3288,T000001,veh1,seg1,prediction_only,-12.0423,-1.3390,113.7047,,,,,,,,,,,-12.0527,-1.1863,15.4604,0.0237,-0.3931,-0.3908,102.4202,0.4547,1.3691,0.1531
6.3417,T000001,veh1,seg1,prediction_only,-11.8450,-1.4021,113.9118,,,,,,,,,,,-11.8524,-1.1860,15.4553,0.0187,-0.3931,-0.3908,102.6204,0.4665,1.4140,0.2162
6.3547,T000001,veh1,seg1,prediction_only,-11.6437,-1.4007,114.1131,,,,,,,,,,,-11.6523,-1.1858,15.4502,0.0136,-0.3931,-0.3908,102.8206,0.4788,1.4619,0.2150
6.3676,T000001,veh1,seg1,prediction_only,-11.4378,-1.4105,114.3192,,,,,,,,,,,-11.4521,-1.1857,15.4451,0.0085,-0.3931,-0.3908,103.0207,0.4917,1.5130,0.2252
6.3806,T000001,veh1,seg1,prediction_only,-11.2290,-1.2775,114.5668,,,,,,,,,,,-11.2521,-1.1856,15.4400,0.0035,-0.3931,-0.3908,103.2208,0.5053,1.5675,0.0947
6.3936,T000001,veh1,seg1,prediction_only,-11.0607,-1.2259,114.7428,,,,,,,,,,,-11.0521,-1.1856,15.4350,-0.0016,-0.3931,-0.3908,103.4208,0.5196,1.6253,0.0412
6.4065,T000001,veh1,seg1,prediction_only,-10.8592,-1.2459,114.9453,,,,,,,,,,,-10.8522,-1.1856,15.4299,-0.0066,-0.3931,-0.3908,103.6207,0.5346,1.6866,0.0607
6.4195,T000001,veh1,seg1,prediction_only,-10.6690,-1.1900,115.1436,,,,,,,,,,,-10.6523,-1.1857,15.4248,-0.0117,-0.3931,-0.3908,103.8206,0.5503,1.7514,0.0172
6.4280,T000001,veh1,seg1,position+velocity,-10.4795,-1.2699,115.3493,-14.3468,-1.7247,111.0098,,,,,,,,-10.5758,-1.1445,15.3497,0.1755,-0.4125,0.0135,103.9075,0.4985,1.3487,0.1581
6.4409,T000001,veh1,seg1,prediction_only,-10.2902,-1.0826,115.6156,,,,,,,,,,,-10.3769,-1.1423,15.3443,0.1757,-0.4125,0.0135,104.1063,0.5103,1.3847,0.1053
6.4539,T000001,veh1,seg1,prediction_only,-10.0709,-1.2088,115.8686,,,,,,,,,,,-10.1782,-1.1400,15.3390,0.1758,-0.4125,0.0135,104.3051,0.5227,1.4220,0.1274
6.4669,T000001,veh1,seg1,prediction_only,-9.8867,-1.0457,116.1146,,,,,,,,,,,-9.9795,-1.1377,15.3337,0.1760,-0.4125,0.0135,104.5038,0.5355,1.4609,0.1307
6.4798,T000001,veh1,seg1,prediction_only,-9.7057,-1.1266,116.3130,,,,,,,,,,,-9.7809,-1.1354,15.3283,0.1762,-0.4125,0.0135,104.7024,0.5488,1.5017,0.0758
6.4928,T000001,veh1,seg1,prediction_only,-9.4841,-1.1465,116.5354,,,,,,,,,,,-9.5824,-1.1331,15.3230,0.1764,-0.4125,0.0135,104.9010,0.5628,1.5448,0.0992
6.5057,T000001,veh1,seg1,prediction_only,-9.2783,-1.2608,116.7708,,,,,,,,,,,-9.3839,-1.1309,15.3176,0.1766,-0.4125,0.0135,105.0994,0.5772,1.5903,0.1674
6.5187,T000001,veh1,seg1,prediction_only,-9.0774,-1.2331,116.9736,,,,,,,,,,,-9.1855,-1.1286,15.3123,0.1767,-0.4125,0.0135,105.2979,0.5923,1.6386,0.1504
6.5316,T000001,veh1,seg1,prediction_only,-8.8662,-1.0804,117.2342,,,,,,,,,,,-8.9872,-1.1263,15.3069,0.1769,-0.4125,0.0135,105.4962,0.6080,1.6896,0.1294
6.5446,T000001,veh1,seg1,prediction_only,-8.6652,-1.0616,117.4361,,,,,,,,,,,-8.7889,-1.1240,15.3016,0.1771,-0.4125,0.0135,105.6945,0.6243,1.7437,0.1386
6.5575,T000001,veh1,seg1,prediction_only,-8.4645,-1.0631,117.6368,,,,,,,,,,,-8.5907,-1.1217,15.2962,0.1773,-0.4125,0.0135,105.8927,0.6412,1.8008,0.1391
6.5705,T000001,veh1,seg1,prediction_only,-8.2573,-0.8848,117.9102,,,,,,,,,,,-8.3926,-1.1194,15.2909,0.1774,-0.4125,0.0135,106.0908,0.6589,1.8611,0.2708
6.5834,T000001,veh1,seg1,prediction_only,-8.0536,-0.9431,118.1220,,,,,,,,,,,-8.1945,-1.1171,15.2856,0.1776,-0.4125,0.0135,106.2889,0.6772,1.9246,0.2239
6.5964,T000001,veh1,seg1,prediction_only,-7.8492,-0.9993,118.3341,,,,,,,,,,,-7.9965,-1.1148,15.2802,0.1778,-0.4125,0.0135,106.4869,0.6963,1.9913,0.1872
6.6094,T000001,veh1,seg1,prediction_only,-7.6400,-0.8541,118.5887,,,,,,,,,,,-7.7986,-1.1125,15.2749,0.1780,-0.4125,0.0135,106.6848,0.7162,2.0613,0.3032
6.6223,T000001,veh1,seg1,prediction_only,-7.4392,-0.8216,118.7921,,,,,,,,,,,-7.6008,-1.1102,15.2695,0.1781,-0.4125,0.0135,106.8827,0.7368,2.1346,0.3307
6.6353,T000001,veh1,seg1,prediction_only,-7.2314,-1.0105,119.0729,,,,,,,,,,,-7.4030,-1.1079,15.2642,0.1783,-0.4125,0.0135,107.0805,0.7584,2.2110,0.1973
6.6371,T000001,veh1,seg1,position+velocity,-7.2314,-1.0105,119.0729,-9.8582,-5.7954,115.3493,,,,,,,,-7.4030,-1.1788,15.2737,0.1357,-0.3037,0.1096,107.1514,0.6403,1.5375,0.2403
6.6501,T000001,veh1,seg1,prediction_only,-7.0239,-0.8522,119.3338,,,,,,,,,,,-7.2051,-1.1771,15.2698,0.1371,-0.3037,0.1096,107.3493,0.6548,1.5729,0.3720
6.6630,T000001,veh1,seg1,prediction_only,-6.8160,-1.0366,119.6118,,,,,,,,,,,-7.0073,-1.1753,15.2659,0.1385,-0.3037,0.1096,107.5471,0.6698,1.6094,0.2363
6.6760,T000001,veh1,seg1,prediction_only,-6.6099,-1.1493,119.8467,,,,,,,,,,,-6.8096,-1.1735,15.2619,0.1399,-0.3037,0.1096,107.7448,0.6853,1.6472,0.2012
6.6889,T000001,veh1,seg1,prediction_only,-6.3998,-1.0240,120.0913,,,,,,,,,,,-6.6119,-1.1717,15.2580,0.1413,-0.3037,0.1096,107.9425,0.7013,1.6867,0.2584
6.7019,T000001,veh1,seg1,prediction_only,-6.1927,-0.9416,120.3142,,,,,,,,,,,-6.4143,-1.1698,15.2541,0.1428,-0.3037,0.1096,108.1402,0.7178,1.7282,0.3181
6.7148,T000001,veh1,seg1,prediction_only,-5.9866,-0.9577,120.5209,,,,,,,,,,,-6.2167,-1.1680,15.2501,0.1442,-0.3037,0.1096,108.3378,0.7348,1.7718,0.3117
6.7278,T000001,veh1,seg1,prediction_only,-5.7723,-0.9290,120.7372,,,,,,,,,,,-6.0191,-1.1661,15.2462,0.1456,-0.3037,0.1096,108.5353,0.7524,1.8178,0.3423
6.7407,T000001,veh1,seg1,prediction_only,-5.5712,-0.8753,120.9453,,,,,,,,,,,-5.8217,-1.1642,15.2423,0.1470,-0.3037,0.1096,108.7328,0.7705,1.8664,0.3823
6.7537,T000001,veh1,seg1,prediction_only,-5.3683,-0.8971,121.1494,,,,,,,,,,,-5.6242,-1.1623,15.2383,0.1484,-0.3037,0.1096,108.9302,0.7893,1.9178,0.3686
6.7666,T000001,veh1,seg1,prediction_only,-5.1548,-0.9052,121.3630,,,,,,,,,,,-5.4268,-1.1603,15.2344,0.1499,-0.3037,0.1096,109.1276,0.8086,1.9720,0.3730
6.7796,T000001,veh1,seg1,prediction_only,-4.9520,-0.9692,121.5757,,,,,,,,,,,-5.2295,-1.1584,15.2304,0.1513,-0.3037,0.1096,109.3250,0.8286,2.0291,0.3359
6.7926,T000001,veh1,seg1,prediction_only,-4.7510,-0.9459,121.7781,,,,,,,,,,,-5.0322,-1.1564,15.2265,0.1527,-0.3037,0.1096,109.5223,0.8492,2.0893,0.3513
6.8055,T000001,veh1,seg1,prediction_only,-4.5423,-0.8449,122.0099,,,,,,,,,,,-4.8350,-1.1544,15.2226,0.1541,-0.3037,0.1096,109.7195,0.8705,2.1526,0.4260
6.8185,T000001,veh1,seg1,prediction_only,-4.3407,-0.8342,122.2117,,,,,,,,,,,-4.6378,-1.1524,15.2186,0.1556,-0.3037,0.1096,109.9167,0.8924,2.2190,0.4353
6.8314,T000001,veh1,seg1,prediction_only,-4.1428,-0.7665,122.4209,,,,,,,,,,,-4.4407,-1.1504,15.2147,0.1570,-0.3037,0.1096,110.1138,0.9152,2.2886,0.4859
6.8444,T000001,veh1,seg1,prediction_only,-3.9283,-0.7474,122.6363,,,,,,,,,,,-4.2436,-1.1484,15.2108,0.1584,-0.3037,0.1096,110.3109,0.9386,2.3614,0.5101
6.8498,T000001,veh1,seg1,position+velocity,-3.9283,-0.7474,122.6363,0.2702,-2.8090,126.5747,,,,,,,,-3.9631,-1.1428,15.5815,0.2471,0.1010,0.3108,110.5915,0.7875,1.6569,0.3970
6.8627,T000001,veh1,seg1,prediction_only,-3.7510,-0.8800,122.8577,,,,,,,,,,,-3.7612,-1.1396,15.5828,0.2512,0.1010,0.3108,110.7934,0.8034,1.6905,0.2598
6.8757,T000001,veh1,seg1,prediction_only,-3.5500,-0.7547,123.0945,,,,,,,,,,,-3.5594,-1.1363,15.5841,0.2552,0.1010,0.3108,110.9953,0.8197,1.7251,0.3817
6.8886,T000001,veh1,seg1,prediction_only,-3.3330,-0.8494,123.3313,,,,,,,,,,,-3.3575,-1.1330,15.5854,0.2592,0.1010,0.3108,111.1972,0.8365,1.7610,0.2847
6.9016,T000001,veh1,seg1,prediction_only,-3.1243,-1.0467,123.6185,,,,,,,,,,,-3.1556,-1.1296,15.5867,0.2632,0.1010,0.3108,111.3991,0.8538,1.7984,0.0886
6.9145,T000001,veh1,seg1,prediction_only,-2.9592,-0.9875,123.7938,,,,,,,,,,,-2.9536,-1.1262,15.5880,0.2673,0.1010,0.3108,111.6011,0.8715,1.8377,0.1388
6.9275,T000001,veh1,seg1,prediction_only,-2.7487,-0.8340,124.0544,,,,,,,,,,,-2.7517,-1.1227,15.5893,0.2713,0.1010,0.3108,111.8031,0.8898,1.8791,0.2887
6.9404,T000001,veh1,seg1,prediction_only,-2.5522,-0.6969,124.2939,,,,,,,,,,,-2.5497,-1.1191,15.5907,0.2753,0.1010,0.3108,112.0051,0.9085,1.9227,0.4222
6.9534,T000001,veh1,seg1,prediction_only,-2.3500,-0.7701,124.5090,,,,,,,,,,,-2.3477,-1.1155,15.5920,0.2793,0.1010,0.3108,112.2071,0.9278,1.9688,0.3455
6.9664,T000001,veh1,seg1,prediction_only,-2.1480,-0.4847,124.8587,,,,,,,,,,,-2.1457,-1.1119,15.5933,0.2834,0.1010,0.3108,112.4091,0.9475,2.0176,0.6273
6.9793,T000001,veh1,seg1,prediction_only,-1.9468,-0.4859,125.0599,,,,,,,,,,,-1.9437,-1.1082,15.5946,0.2874,0.1010,0.3108,112.6112,0.9679,2.0692,0.6224
6.9923,T000001,veh1,seg1,prediction_only,-1.7484,-0.4253,125.2673,,,,,,,,,,,-1.7417,-1.1045,15.5959,0.2914,0.1010,0.3108,112.8132,0.9888,2.1237,0.6792
7.0052,T000001,veh1,seg1,prediction_only,-1.5563,-0.3826,125.4641,,,,,,,,,,,-1.5396,-1.1007,15.5972,0.2954,0.1010,0.3108,113.0153,1.0102,2.1811,0.7182
7.0182,T000001,veh1,seg1,prediction_only,-1.3468,-0.5672,125.7433,,,,,,,,,,,-1.3376,-1.0968,15.5985,0.2995,0.1010,0.3108,113.2174,1.0323,2.2416,0.5297
7.0311,T000001,veh1,seg1,prediction_only,-1.1735,-0.5522,125.9172,,,,,,,,,,,-1.1355,-1.0929,15.5998,0.3035,0.1010,0.3108,113.4195,1.0551,2.3052,0.5420
7.0441,T000001,veh1,seg1,prediction_only,-0.9557,-0.6647,126.1623,,,,,,,,,,,-0.9334,-1.0889,15.6011,0.3075,0.1010,0.3108,113.6217,1.0785,2.3720,0.4249
7.0544,T000001,veh1,seg1,position+velocity,-0.7562,-0.5991,126.3723,1.8617,4.5383,130.5855,,,,,,,,-0.6970,-0.8257,15.6708,0.7131,0.0925,0.6593,113.9755,0.9247,1.7374,0.2342
7.0673,T000001,veh1,seg1,prediction_only,-0.5549,-0.6195,126.5747,,,,,,,,,,,-0.4940,-0.8164,15.6720,0.7217,0.0925,0.6593,114.1787,0.9412,1.7701,0.2061
7.0803,T000001,veh1,seg1,prediction_only,-0.3500,-0.4537,126.8383,,,,,,,,,,,-0.2909,-0.8070,15.6732,0.7302,0.0925,0.6593,114.3819,0.9582,1.8037,0.3583
7.0933,T000001,veh1,seg1,prediction_only,-0.1517,-0.4366,127.0373,,,,,,,,,,,-0.0879,-0.7975,15.6744,0.7387,0.0925,0.6593,114.5852,0.9755,1.8385,0.3665
7.1062,T000001,veh1,seg1,prediction_only,0.0429,-0.4233,127.2324,,,,,,,,,,,0.1152,-0.7879,15.6756,0.7473,0.0925,0.6593,114.7885,0.9933,1.8749,0.3717
7.1192,T000001,veh1,seg1,prediction_only,0.2506,-0.3893,127.4428,,,,,,,,,,,0.3183,-0.7782,15.6768,0.7558,0.0925,0.6593,114.9918,1.0115,1.9130,0.3947
7.1321,T000001,veh1,seg1,prediction_only,0.4411,-0.2948,127.6555,,,,,,,,,,,0.5214,-0.7683,15.6780,0.7644,0.0925,0.6593,115.1952,1.0301,1.9532,0.4802
7.1451,T000001,veh1,seg1,prediction_only,0.6188,-0.2046,127.8548,,,,,,,,,,,0.7245,-0.7584,15.6792,0.7729,0.0925,0.6593,115.3985,1.0493,1.9957,0.5638
7.1580,T000001,veh1,seg1,prediction_only,0.8407,-0.3473,128.1187,,,,,,,,,,,0.9276,-0.7483,15.6803,0.7814,0.0925,0.6593,115.6019,1.0689,2.0406,0.4102
7.1710,T000001,veh1,seg1,prediction_only,1.0354,-0.2393,128.3414,,,,,,,,,,,1.1307,-0.7381,15.6815,0.7900,0.0925,0.6593,115.8053,1.0890,2.0881,0.5079
7.1839,T000001,veh1,seg1,prediction_only,1.2364,-0.3205,128.5581,,,,,,,,,,,1.3339,-0.7278,15.6827,0.7985,0.0925,0.6593,116.0087,1.1096,2.1384,0.4188
7.1969,T000001,veh1,seg1,prediction_only,1.4443,-0.3018,128.7669,,,,,,,,,,,1.5371,-0.7174,15.6839,0.8071,0.0925,0.6593,116.2121,1.1308,2.1915,0.4259
7.2098,T000001,veh1,seg1,prediction_only,1.6439,-0.3777,128.9804,,,,,,,,,,,1.7403,-0.7069,15.6851,0.8156,0.0925,0.6593,116.4156,1.1525,2.2476,0.3431
7.2228,T000001,veh1,seg1,prediction_only,1.8357,-0.5183,129.2183,,,,,,,,,,,1.9435,-0.6963,15.6863,0.8242,0.0925,0.6593,116.6191,1.1748,2.3067,0.2081
7.2358,T000001,veh1,seg1,prediction_only,2.0436,-0.3903,129.4624,,,,,,,,,,,2.1467,-0.6856,15.6875,0.8327,0.0925,0.6593,116.8226,1.1977,2.3689,0.3127
7.2487,T000001,veh1,seg1,prediction_only,2.2411,-0.3783,129.6602,,,,,,,,,,,2.3499,-0.6747,15.6887,0.8412,0.0925,0.6593,117.0261,1.2212,2.4342,0.3158
7.2617,T000001,veh1,seg1,prediction_only,2.4407,-0.4716,129.8806,,,,,,,,,,,2.5532,-0.6638,15.6899,0.8498,0.0925,0.6593,117.2297,1.2454,2.5027,0.2227
7.2631,T000001,veh1,seg1,position+velocity,2.4407,-0.4716,129.8806,3.3314,-0.9843,130.9295,,,,,,,,2.5401,-0.7183,15.5664,0.7327,-0.1069,0.5116,117.2858,1.0696,1.8384,0.2660
7.2760,T000001,veh1,seg1,prediction_only,2.6454,-0.3495,130.1189,,,,,,,,,,,2.7417,-0.7088,15.5650,0.7393,-0.1069,0.5116,117.4876,1.0867,1.8712,0.3720
7.2890,T000001,veh1,seg1,prediction_only,2.8371,-0.2076,130.3574,,,,,,,,,,,2.9434,-0.6992,15.5636,0.7459,-0.1069,0.5116,117.6895,1.1042,1.9049,0.5029
7.3019,T000001,veh1,seg1,prediction_only,3.0308,-0.0871,130.5855,,,,,,,,,,,3.1450,-0.6895,15.5622,0.7525,-0.1069,0.5116,117.8913,1.1222,1.9399,0.6131
7.3027,T000001,veh1,seg1,position+velocity,3.0308,-0.0871,130.5855,,,,2.7854,0.2561,130.5855,,,,,2.8782,-0.0186,15.2109,1.4184,-0.3381,0.6803,118.6133,0.5499,1.3501,0.1673
7.3157,T000001,veh1,seg1,prediction_only,3.2491,-0.3530,130.9295,,,,,,,,,,,3.0752,-0.0002,15.2065,1.4272,-0.3381,0.6803,118.8112,0.5576,1.3831,0.3934
7.3286,T000001,veh1,seg1,prediction_only,3.4466,-0.3555,131.1270,,,,,,,,,,,3.2722,0.0184,15.2022,1.4360,-0.3381,0.6803,119.0090,0.5658,1.4174,0.4125
7.3416,T000001,veh1,seg1,prediction_only,3.6443,-0.3535,131.3248,,,,,,,,,,,3.4691,0.0370,15.1978,1.4448,-0.3381,0.6803,119.2068,0.5745,1.4536,0.4281
7.3545,T000001,veh1,seg1,prediction_only,3.8210,-0.3909,131.5053,,,,,,,,,,,3.6660,0.0558,15.1934,1.4537,-0.3381,0.6803,119.4046,0.5837,1.4919,0.4729
7.3675,T000001,veh1,seg1,prediction_only,4.0121,-0.2848,131.7240,,,,,,,,,,,3.8628,0.0747,15.1890,1.4625,-0.3381,0.6803,119.6023,0.5935,1.5325,0.3893
7.3805,T000001,veh1,seg1,prediction_only,4.1820,-0.2796,131.8940,,,,,,,,,,,4.0595,0.0937,15.1846,1.4713,-0.3381,0.6803,119.7999,0.6039,1.5758,0.3929
7.3934,T000001,veh1,seg1,prediction_only,4.3909,-0.2764,132.1029,,,,,,,,,,,4.2562,0.1128,15.1803,1.4801,-0.3381,0.6803,119.9975,0.6150,1.6219,0.4119
7.4064,T000001,veh1,seg2,prediction_only,4.9005,-0.4610,132.6449,,,,,,,,,,,4.4528,0.1320,15.1759,1.4889,-0.3381,0.6803,120.1951,0.6266,1.6711,0.7431
7.4160,T000001,veh1,seg2,position,5.0664,-0.4983,132.8149,,,,,,,5.3374,-0.3486,0.3024,132.9940,5.1912,-0.2506,16.0665,0.8962,0.5332,0.0962,121.0268,0.2828,1.4352,0.2774
7.4290,T000001,veh1,seg2,prediction_only,5.2248,-0.5818,132.9940,,,,,,,,,,,5.3994,-0.2390,16.0735,0.8974,0.5332,0.0962,121.2353,0.2889,1.4766,0.3847
7.4419,T000001,veh1,seg2,prediction_only,5.3745,-0.7155,133.1946,,,,,,,,,,,5.6077,-0.2274,16.0804,0.8986,0.5332,0.0962,121.4439,0.2963,1.5193,0.5409
7.4522,T000001,veh1,seg2,position+velocity,5.6118,-0.5726,133.4716,,,,,,,4.8511,-0.2738,0.8493,132.6449,5.3154,-0.2443,14.7936,0.8508,-1.5259,0.0376,121.7366,0.2181,1.4706,0.4423
7.4651,T000001,veh1,seg2,prediction_only,5.7848,-0.7582,133.7253,,,,,,,,,,,5.5070,-0.2333,14.7738,0.8513,-1.5259,0.0376,121.9285,0.2253,1.5142,0.5939
7.4781,T000001,veh1,seg2,prediction_only,5.9653,-0.7626,133.9058,,,,,,,,,,,5.6982,-0.2223,14.7540,0.8518,-1.5259,0.0376,122.1200,0.2340,1.5593,0.6027
7.4900,T000001,veh1,seg2,position+velocity,6.1686,-0.6976,134.1193,,,,,,,6.2061,-0.7900,1.4197,134.1193,6.0116,-0.4376,15.4038,-0.0568,-0.2456,-1.6067,122.5002,0.1922,1.5067,0.3037
7.5030,T000001,veh1,seg2,prediction_only,6.3424,-0.8540,134.3531,,,,,,,,,,,6.2111,-0.4385,15.4006,-0.0776,-0.2456,-1.6067,122.6998,0.2017,1.5525,0.4358
7.5159,T000001,veh1,seg2,prediction_only,6.5431,-0.8145,134.5577,,,,,,,,,,,6.4106,-0.4396,15.3975,-0.0984,-0.2456,-1.6067,122.8993,0.2129,1.5999,0.3977
7.5160,T000001,veh1,seg2,position+velocity,6.5431,-0.8145,134.5577,,,,6.4462,-0.7584,134.5577,,,,,6.4031,-0.5207,15.2408,-0.9448,-0.6168,-3.5129,122.9807,0.1963,1.4031,0.3255
7.5275,T000001,veh1,seg2,position+velocity,6.6693,-1.0205,134.7993,,,,,,,6.9329,-0.4526,1.9846,134.5577,6.7428,-0.5054,15.6095,-0.8082,0.0797,-3.1068,123.3208,0.1748,1.3731,0.5203
7.5405,T000001,veh1,seg2,prediction_only,6.8951,-1.0015,135.0258,,,,,,,,,,,6.9450,-0.5162,15.6106,-0.8485,0.0797,-3.1068,123.5233,0.1848,1.4176,0.4879
7.5534,T000001,veh1,seg2,prediction_only,7.0991,-0.9898,135.2302,,,,,,,,,,,7.1473,-0.5274,15.6116,-0.8887,0.0797,-3.1068,123.7259,0.1963,1.4645,0.4649
7.5664,T000001,veh1,seg2,prediction_only,7.3187,-0.9198,135.4606,,,,,,,,,,,7.3495,-0.5392,15.6126,-0.9289,0.0797,-3.1068,123.9285,0.2091,1.5139,0.3818
7.5678,T000001,veh1,seg2,position+velocity,7.3187,-0.9198,135.4606,,,,,,,7.4092,-1.5904,2.5891,136.2377,7.3794,-0.8897,15.6303,-2.8554,0.0847,-7.0348,124.2802,0.1743,1.3915,0.0678
7.5807,T000001,veh1,seg2,prediction_only,7.4938,-1.0669,135.6893,,,,,,,,,,,7.5819,-0.9273,15.6314,-2.9465,0.0847,-7.0348,124.4862,0.1863,1.4400,0.1650
7.5937,T000001,veh1,seg2,prediction_only,7.6606,-1.1968,135.9008,,,,,,,,,,,7.7844,-0.9661,15.6325,-3.0377,0.0847,-7.0348,124.6924,0.1995,1.4910,0.2619
7.6066,T000001,veh1,seg2,prediction_only,7.7792,-1.5122,136.2377,,,,,,,,,,,7.9869,-1.0060,15.6336,-3.1288,0.0847,-7.0348,124.8988,0.2141,1.5444,0.5471
7.6072,T000001,veh1,seg2,position+velocity,7.7792,-1.5122,136.2377,,,,,,,8.0208,-1.5110,3.1813,136.5107,8.0037,-1.1572,15.6728,-3.9176,0.1640,-8.6049,125.0509,0.1783,1.3951,0.4200
7.6202,T000001,veh1,seg2,prediction_only,7.9357,-1.7359,136.5107,,,,,,,,,,,8.2068,-1.2087,15.6749,-4.0291,0.1640,-8.6049,125.2604,0.1915,1.4470,0.5928
7.6331,T000001,veh1,seg2,prediction_only,8.0533,-2.0619,136.8572,,,,,,,,,,,8.4099,-1.2616,15.6771,-4.1405,0.1640,-8.6049,125.4702,0.2059,1.5013,0.8761
7.6455,T000001,veh1,seg2,position+velocity,8.1962,-2.2008,137.0566,,,,,,,8.1931,-2.2699,3.7550,137.0566,8.5023,-1.5430,15.0748,-5.5797,-1.1951,-11.5516,125.7665,0.1934,1.4316,0.7255
7.6585,T000001,veh1,seg2,prediction_only,8.3777,-2.3244,137.2761,,,,,,,,,,,8.6975,-1.6162,15.0593,-5.7294,-1.1951,-11.5516,125.9749,0.2080,1.4871,0.7770
7.6714,T000001,veh1,seg2,prediction_only,8.5945,-2.1601,137.5481,,,,,,,,,,,8.8925,-1.6914,15.0438,-5.8790,-1.1951,-11.5516,126.1839,0.2238,1.5448,0.5554
7.6814,T000001,veh1,seg2,position+velocity,8.8023,-1.9944,137.8139,,,,,,,8.4509,-1.6649,4.2916,137.8139,8.8424,-1.7037,13.8959,-5.6619,-3.7550,-10.6591,126.2355,0.1934,1.3937,0.2934
7.6944,T000001,veh1,seg2,prediction_only,9.0139,-1.9930,138.0255,,,,,,,,,,,9.0221,-1.7780,13.8473,-5.7999,-3.7550,-10.6591,126.4300,0.2078,1.4510,0.2152
7.7073,T000001,veh1,seg2,prediction_only,9.1633,-2.1070,138.2134,,,,,,,,,,,9.2012,-1.8540,13.7986,-5.9380,-3.7550,-10.6591,126.6245,0.2233,1.5106,0.2559
7.7195,T000001,veh1,seg2,position+velocity,9.3048,-2.3258,138.4740,,,,,,,9.6842,-2.7007,4.8603,139.0438,9.4751,-2.1669,14.3869,-7.4405,-2.1770,-13.9377,127.0404,0.2010,1.3955,0.2329
7.7324,T000001,veh1,seg2,prediction_only,9.4923,-2.4199,138.6838,,,,,,,,,,,9.6613,-2.2645,14.3587,-7.6211,-2.1770,-13.9377,127.2506,0.2158,1.4553,0.2296
7.7454,T000001,veh1,seg2,prediction_only,9.6717,-2.4686,138.8697,,,,,,,,,,,9.8471,-2.3644,14.3305,-7.8016,-2.1770,-13.9377,127.4616,0.2316,1.5173,0.2040
7.7567,T000001,veh1,seg2,position+velocity,9.8159,-2.5661,139.0438,,,,,,,9.4521,-2.9064,5.4148,138.6838,9.8382,-2.5771,13.3403,-8.6190,-4.5738,-15.4662,127.6745,0.2087,1.4032,0.0248
7.7696,T000001,veh1,seg2,prediction_only,9.9913,-2.7087,139.2697,,,,,,,,,,,10.0106,-2.6901,13.2810,-8.8193,-4.5738,-15.4662,127.8807,0.2237,1.4652,0.0268
7.7826,T000001,veh1,seg2,prediction_only,10.1513,-2.7408,139.4330,,,,,,,,,,,10.1823,-2.8056,13.2217,-9.0197,-4.5738,-15.4662,128.0876,0.2398,1.5294,0.0719
7.7945,T000001,veh1,seg2,position+velocity,10.3639,-2.6929,139.6509,,,,,,,10.8626,-2.8257,5.9771,140.1212,10.5134,-2.8783,14.1470,-8.9885,-2.0556,-14.8706,128.4266,0.2138,1.4049,0.2382
7.8074,T000001,veh1,seg2,prediction_only,10.4960,-2.9109,139.9057,,,,,,,,,,,10.6965,-2.9960,14.1204,-9.1812,-2.0556,-14.8706,128.6443,0.2288,1.4686,0.2178
7.8204,T000001,veh1,seg2,prediction_only,10.7062,-2.8637,140.1212,,,,,,,,,,,10.8793,-3.1162,14.0937,-9.3738,-2.0556,-14.8706,128.8630,0.2450,1.5345,0.3061
7.8325,T000001,veh1,seg2,position+velocity,10.8457,-3.0940,140.3905,,,,,,,10.6810,-2.8748,6.5428,140.1212,10.9429,-3.1350,13.4739,-9.0394,-3.6222,-13.5636,128.9294,0.2251,1.4401,0.1055
7.8465,T000001,veh1,seg2,position+velocity,11.0839,-2.9992,140.6469,,,,10.6241,-2.8001,140.1212,,,,,11.1365,-3.1178,13.3289,-8.0849,-3.6104,-9.7327,129.1237,0.2182,1.3365,0.1298
7.8594,T000001,veh1,seg2,prediction_only,11.2507,-3.1261,140.8566,,,,,,,,,,,11.3089,-3.2234,13.2821,-8.2110,-3.6104,-9.7327,129.3259,0.2323,1.3979,0.1133
7.8723,T000001,veh1,seg2,position+velocity,11.4585,-3.0807,141.0693,,,,,,,10.6952,-3.7025,7.1335,140.3905,11.2647,-3.4368,12.1656,-8.8840,-6.2113,-11.1117,129.5438,0.2120,1.3218,0.4054
7.8853,T000001,veh1,seg2,prediction_only,11.6765,-3.0558,141.2886,,,,,,,,,,,11.4217,-3.5529,12.0852,-9.0280,-6.2113,-11.1117,129.7391,0.2258,1.3853,0.5585
7.8982,T000001,veh1,seg2,prediction_only,11.8992,-2.9640,141.5296,,,,,,,,,,,11.5778,-3.6707,12.0047,-9.1719,-6.2113,-11.1117,129.9347,0.2405,1.4512,0.7764
7.9112,T000001,veh1,seg2,prediction_only,12.0827,-3.0209,141.7216,,,,,,,,,,,11.7328,-3.7905,11.9242,-9.3159,-6.2113,-11.1117,130.1305,0.2562,1.5196,0.8454
7.9121,T000001,veh1,seg2,position+velocity,12.0827,-3.0209,141.7216,,,,,,,12.4145,-2.6821,7.7237,141.9297,11.9878,-3.4091,13.2010,-7.3181,-2.7646,-5.8544,130.5893,0.2114,1.3413,0.3997
7.9251,T000001,veh1,seg2,prediction_only,12.2785,-3.0912,141.9297,,,,,,,,,,,12.1586,-3.5044,13.1652,-7.3940,-2.7646,-5.8544,130.7849,0.2253,1.4077,0.4303
7.9380,T000001,veh1,seg2,prediction_only,12.4575,-3.1628,142.1225,,,,,,,,,,,12.3289,-3.6007,13.1294,-7.4698,-2.7646,-5.8544,130.9805,0.2401,1.4763,0.4564
7.9510,T000001,veh1,seg2,prediction_only,12.6248,-3.2806,142.3271,,,,,,,,,,,12.4987,-3.6979,13.0936,-7.5456,-2.7646,-5.8544,131.1763,0.2561,1.5472,0.4359
7.9520,T000001,veh1,seg2,position+velocity,12.6248,-3.2806,142.3271,,,,,,,13.4805,-2.5055,8.3131,142.8357,12.8094,-3.3406,14.6040,-5.7147,1.2027,-1.0807,131.6498,0.2153,1.3825,0.1941
7.9649,T000001,veh1,seg2,prediction_only,12.7730,-3.5224,142.6107,,,,,,,,,,,12.9987,-3.4147,14.6196,-5.7287,1.2027,-1.0807,131.8531,0.2296,1.4511,0.2500
7.9779,T000001,veh1,seg2,prediction_only,12.9866,-3.4515,142.8357,,,,,,,,,,,13.1882,-3.4890,14.6352,-5.7427,1.2027,-1.0807,132.0566,0.2450,1.5218,0.2050
7.9908,T000001,veh1,seg2,prediction_only,13.1388,-3.6262,143.0674,,,,,,,,,,,13.3778,-3.5635,14.6508,-5.7567,1.2027,-1.0807,132.2604,0.2615,1.5946,0.2471
7.9914,T000001,veh1,seg2,position+velocity,13.1388,-3.6262,143.0674,,,,,,,12.7053,-3.4867,8.8964,142.6107,13.1799,-3.5613,13.5264,-5.7785,-1.9768,-1.2775,132.4584,0.2246,1.4416,0.0768
8.0044,T000001,veh1,seg2,prediction_only,13.3399,-3.6688,143.2729,,,,,,,,,,,13.3550,-3.6362,13.5008,-5.7951,-1.9768,-1.2775,132.6488,0.2397,1.5119,0.0359
8.0173,T000001,veh1,seg2,prediction_only,13.5221,-3.7306,143.4653,,,,,,,,,,,13.5297,-3.7114,13.4752,-5.8116,-1.9768,-1.2775,132.8390,0.2559,1.5841,0.0206
8.0303,T000001,veh1,seg2,prediction_only,13.6827,-3.8874,143.6898,,,,,,,,,,,13.7041,-3.7868,13.4496,-5.8282,-1.9768,-1.2775,133.0290,0.2733,1.6583,0.1029
8.0315,T000001,veh1,seg2,position+velocity,13.6827,-3.8874,143.6898,,,,,,,13.3354,-3.6310,9.4878,143.2729,13.6222,-3.7497,12.9581,-5.6013,-3.2408,-0.6647,133.1190,0.2359,1.4998,0.1504
8.0444,T000001,veh1,seg2,prediction_only,13.8094,-4.2137,144.0398,,,,,,,,,,,13.7898,-3.8223,12.9161,-5.6099,-3.2408,-0.6647,133.3016,0.2518,1.5711,0.3919
8.0574,T000001,veh1,seg2,prediction_only,13.9345,-4.4042,144.2677,,,,,,,,,,,13.9569,-3.8950,12.8741,-5.6185,-3.2408,-0.6647,133.4838,0.2689,1.6441,0.5097
8.0697,T000001,veh1,seg2,position+velocity,14.1528,-4.3249,144.4999,,,,,,,13.9645,-4.0709,10.0512,144.0398,14.0836,-3.9923,12.6822,-5.7793,-3.6187,-1.0903,133.6436,0.2513,1.5660,0.3397
8.0827,T000001,veh1,seg2,prediction_only,14.3481,-4.3497,144.6968,,,,,,,,,,,14.2476,-4.0673,12.6354,-5.7934,-3.6187,-1.0903,133.8239,0.2683,1.6380,0.2997
8.0956,T000001,veh1,seg2,prediction_only,14.5185,-4.3792,144.8697,,,,,,,,,,,14.4110,-4.1424,12.5885,-5.8075,-3.6187,-1.0903,134.0038,0.2864,1.7117,0.2600
8.1079,T000001,veh1,seg2,position+velocity,14.7431,-4.2827,145.1141,,,,,,,14.9894,-4.2358,10.6129,145.3834,14.6950,-4.2186,13.2238,-5.8423,-1.7993,-1.1369,134.2978,0.2579,1.5847,0.0802
8.1208,T000001,veh1,seg2,prediction_only,14.9769,-4.1494,145.3834,,,,,,,,,,,14.8661,-4.2944,13.2005,-5.8570,-1.7993,-1.1369,134.4850,0.2751,1.6561,0.1825
8.1338,T000001,veh1,seg2,prediction_only,15.1266,-4.3419,145.6272,,,,,,,,,,,15.0370,-4.3703,13.1772,-5.8718,-1.7993,-1.1369,134.6720,0.2935,1.7292,0.0940
8.1447,T000001,veh1,seg2,position+velocity,15.2982,-4.2956,145.8049,,,,,,,14.2130,-4.7663,11.1540,144.6968,14.8536,-4.5438,11.4705,-6.4429,-6.2461,-2.5938,134.9244,0.2568,1.5706,0.5092
8.1576,T000001,veh1,seg2,prediction_only,15.4340,-4.4768,146.0315,,,,,,,,,,,15.0017,-4.6275,11.3896,-6.4765,-6.2461,-2.5938,135.0945,0.2738,1.6409,0.4579
8.1706,T000001,veh1,seg2,prediction_only,15.6011,-4.5909,146.2337,,,,,,,,,,,15.1487,-4.7116,11.3086,-6.5101,-6.2461,-2.5938,135.2639,0.2918,1.7129,0.4682
8.1828,T000001,veh1,seg2,position+velocity,15.8388,-4.4438,146.5133,,,,,,,16.3164,-4.3511,11.7146,146.9564,15.6410,-4.6412,13.0662,-5.7662,-1.4157,-0.5577,135.7613,0.2572,1.5650,0.2794
8.1958,T000001,veh1,seg2,prediction_only,16.0435,-4.3434,146.7413,,,,,,,,,,,15.8102,-4.7160,13.0479,-5.7734,-1.4157,-0.5577,135.9462,0.2741,1.6345,0.4396
8.2087,T000001,veh1,seg2,prediction_only,16.2519,-4.2901,146.9564,,,,,,,,,,,15.9791,-4.7908,13.0295,-5.7806,-1.4157,-0.5577,136.1310,0.2920,1.7058,0.5702
8.2204,T000001,veh1,seg2,position+velocity,16.4592,-4.2399,147.1697,,,,,,,16.4424,-3.8658,12.2656,147.4221,16.2396,-4.4631,13.5111,-3.8160,-0.2609,4.4445,136.5496,0.2425,1.5022,0.3131
8.2333,T000001,veh1,seg2,prediction_only,16.6917,-4.1417,147.4221,,,,,,,,,,,16.4146,-4.5122,13.5078,-3.7584,-0.2609,4.4445,136.7314,0.2583,1.5700,0.4626
8.2463,T000001,veh1,seg2,prediction_only,16.8677,-4.1376,147.5981,,,,,,,,,,,16.5896,-4.5605,13.5044,-3.7008,-0.2609,4.4445,136.9129,0.2751,1.6396,0.5061
8.2567,T000001,veh1,seg2,position+velocity,17.0355,-4.1293,147.7662,,,,,,,17.3420,-4.2704,12.7970,148.1705,16.9910,-4.4711,14.8127,-3.0609,3.0729,5.8464,137.3241,0.2215,1.4279,0.3447
8.2696,T000001,veh1,seg2,prediction_only,17.2428,-4.1259,147.9735,,,,,,,,,,,17.1831,-4.5103,14.8525,-2.9852,3.0729,5.8464,137.5202,0.2360,1.4943,0.3889
8.2826,T000001,veh1,seg2,prediction_only,17.4127,-4.2255,148.1705,,,,,,,,,,,17.3758,-4.5484,14.8923,-2.9095,3.0729,5.8464,137.7166,0.2516,1.5626,0.3250
8.2955,T000001,veh1,seg2,prediction_only,17.6270,-4.1554,148.3959,,,,,,,,,,,17.5690,-4.5856,14.9321,-2.8337,3.0729,5.8464,137.9133,0.2683,1.6329,0.4341
8.2963,T000001,veh1,seg2,position+velocity,17.6270,-4.1554,148.3959,,,,,,,17.2213,-4.1070,13.3767,147.9735,17.4156,-4.3859,14.0392,-1.7988,0.6354,8.5024,138.1652,0.2070,1.3884,0.3128
8.3092,T000001,veh1,seg2,prediction_only,17.8277,-4.1871,148.5991,,,,,,,,,,,17.5975,-4.4085,14.0474,-1.6887,0.6354,8.5024,138.3485,0.2208,1.4542,0.3194
8.3222,T000001,veh1,seg2,prediction_only,17.9854,-4.3368,148.8165,,,,,,,,,,,17.7795,-4.4297,14.0556,-1.5785,0.6354,8.5024,138.5318,0.2358,1.5218,0.2259
8.3351,T000001,veh1,seg2,prediction_only,18.1833,-4.3239,149.0148,,,,,,,,,,,17.9617,-4.4494,14.0639,-1.4684,0.6354,8.5024,138.7150,0.2519,1.5915,0.2547
8.3360,T000001,veh1,seg2,position+velocity,18.1833,-4.3239,149.0148,,,,,,,17.9602,-3.8443,13.9574,148.5991,17.9733,-4.2178,14.0831,-0.2400,0.7303,11.7036,138.9469,0.1999,1.3791,0.2353
8.3489,T000001,veh1,seg2,prediction_only,18.3702,-4.2975,149.2036,,,,,,,,,,,18.1558,-4.2199,14.0926,-0.0883,0.7303,11.7036,139.1294,0.2137,1.4448,0.2280
8.3619,T000001,veh1,seg2,prediction_only,18.5463,-4.3716,149.3947,,,,,,,,,,,18.3384,-4.2201,14.1020,0.0633,0.7303,11.7036,139.3120,0.2286,1.5123,0.2573
8.3733,T000001,veh1,seg2,position+velocity,18.6588,-4.6689,149.7126,,,,17.7804,-4.3738,148.5991,19.1346,-4.9065,14.5032,150.5283,18.6323,-4.4795,14.8118,-1.4113,2.5716,6.9646,139.7040,0.1881,1.2799,0.1913
8.3863,T000001,veh1,seg2,prediction_only,18.8124,-4.8833,149.9763,,,,,,,,,,,18.8244,-4.4972,14.8451,-1.3210,2.5716,6.9646,139.8969,0.2006,1.3411,0.3863
8.3992,T000001,veh1,seg2,prediction_only,19.0511,-4.7070,150.2731,,,,,,,,,,,19.0169,-4.5137,14.8784,-1.2308,2.5716,6.9646,140.0902,0.2142,1.4042,0.1963
8.4108,T000001,veh1,seg2,position+velocity,19.1543,-4.9404,150.5283,,,,,,,18.3052,-5.3528,15.0503,149.9763,18.9469,-4.7379,13.5730,-2.2519,-1.0500,4.1041,140.3250,0.1968,1.3385,0.2899
8.4238,T000001,veh1,seg2,prediction_only,19.3008,-5.1715,150.8019,,,,,,,,,,,19.1226,-4.7667,13.5594,-2.1988,-1.0500,4.1041,140.5031,0.2103,1.4017,0.4422
8.4367,T000001,veh1,seg2,prediction_only,19.5379,-4.9994,151.0949,,,,,,,,,,,19.2982,-4.7949,13.5458,-2.1456,-1.0500,4.1041,140.6809,0.2250,1.4669,0.3151
8.4479,T000001,veh1,seg2,position+velocity,19.7212,-4.9055,151.3008,,,,,,,19.2174,-4.5139,15.5911,150.2731,19.3887,-4.7078,13.2489,-1.4502,-1.7044,5.9522,140.8065,0.1989,1.3574,0.3869
8.4609,T000001,veh1,seg2,prediction_only,19.9748,-4.7006,151.6268,,,,,,,,,,,19.5602,-4.7260,13.2268,-1.3731,-1.7044,5.9522,140.9790,0.2129,1.4215,0.4154
8.4738,T000001,veh1,seg2,prediction_only,20.1967,-4.5359,151.9032,,,,,,,,,,,19.7314,-4.7433,13.2048,-1.2960,-1.7044,5.9522,141.1511,0.2280,1.4875,0.5095
8.4861,T000001,veh1,seg2,position+velocity,20.3978,-4.5024,152.1071,,,,19.7780,-3.8513,151.9032,20.2877,-4.2146,16.1477,152.1071,20.0382,-4.5565,14.0054,-0.3220,0.5773,7.8836,141.5103,0.1805,1.2300,0.3637
8.4991,T000001,veh1,seg2,prediction_only,20.6327,-4.3925,152.3664,,,,,,,,,,,20.2197,-4.5600,14.0129,-0.2198,0.5773,7.8836,141.6919,0.1926,1.2895,0.4457
8.5120,T000001,veh1,seg2,prediction_only,20.8078,-4.4696,152.5576,,,,,,,,,,,20.4013,-4.5622,14.0204,-0.1177,0.5773,7.8836,141.8735,0.2057,1.3511,0.4169
8.5250,T000001,veh1,seg2,prediction_only,20.9563,-4.6489,152.7905,,,,,,,,,,,20.5830,-4.5631,14.0279,-0.0156,0.5773,7.8836,142.0551,0.2199,1.4149,0.3831
8.5258,T000001,veh1,seg2,position+velocity,20.9563,-4.6489,152.7905,,,,,,,21.2202,-4.9924,16.7251,153.2044,20.8056,-4.7198,15.1492,-0.8894,3.5259,5.4480,142.3274,0.1809,1.2550,0.1666
8.5388,T000001,veh1,seg2,prediction_only,21.1327,-4.7640,153.0012,,,,,,,,,,,21.0022,-4.7309,15.1949,-0.8188,3.5259,5.4480,142.5243,0.1935,1.3163,0.1347
8.5517,T000001,veh1,seg2,prediction_only,21.2956,-4.8857,153.2044,,,,,,,,,,,21.1993,-4.7410,15.2406,-0.7482,3.5259,5.4480,142.7217,0.2071,1.3796,0.1737
8.5647,T000001,veh1,seg2,prediction_only,21.4977,-4.8494,153.4098,,,,,,,,,,,21.3970,-4.7503,15.2863,-0.6776,3.5259,5.4480,142.9197,0.2218,1.4451,0.1413
8.5653,T000001,veh1,seg2,position+velocity,21.4977,-4.8494,153.4098,,,,,,,22.3751,-4.3353,17.2992,154.0211,21.7347,-4.5995,17.0699,0.1876,8.3172,7.8665,143.2895,0.1821,1.2753,0.3444
8.5783,T000001,veh1,seg2,prediction_only,21.7117,-4.7552,153.6436,,,,,,,,,,,21.9565,-4.5964,17.1777,0.2895,8.3172,7.8665,143.5113,0.1951,1.3378,0.2918
8.5912,T000001,veh1,seg2,prediction_only,21.8816,-4.7951,153.8181,,,,,,,,,,,22.1798,-4.5920,17.2854,0.3914,8.3172,7.8665,143.7346,0.2091,1.4021,0.3608
8.6030,T000001,veh1,seg2,position+velocity,22.0467,-4.9132,154.0211,,,,,,,21.6851,-5.4936,17.8470,154.2494,22.1240,-4.9115,15.8652,-1.3631,3.9772,2.6918,144.0589,0.1820,1.2839,0.0773
8.6160,T000001,veh1,seg2,prediction_only,22.1971,-5.0850,154.2494,,,,,,,,,,,22.3299,-4.9289,15.9168,-1.3283,3.9772,2.6918,144.2655,0.1952,1.3469,0.2050
8.6289,T000001,veh1,seg2,prediction_only,22.3500,-5.1615,154.4204,,,,,,,,,,,22.5364,-4.9459,15.9683,-1.2934,3.9772,2.6918,144.4727,0.2095,1.4118,0.2850
8.6404,T000001,veh1,seg2,position+velocity,22.5504,-5.1358,154.6224,,,,,,,22.3896,-4.9160,18.3900,154.4204,22.6150,-4.9317,15.4506,-1.0515,2.4906,3.3960,144.5526,0.1825,1.2904,0.2141
8.6534,T000001,veh1,seg2,prediction_only,22.7131,-5.3216,154.8694,,,,,,,,,,,22.8154,-4.9450,15.4829,-1.0075,2.4906,3.3960,144.7534,0.1959,1.3537,0.3902
8.6664,T000001,veh1,seg2,prediction_only,22.8693,-5.3246,155.0256,,,,,,,,,,,23.0162,-4.9578,15.5152,-0.9636,2.4906,3.3960,144.9546,0.2103,1.4190,0.3951
8.6775,T000001,veh1,seg2,position+velocity,23.0266,-5.4421,155.2219,,,,,,,23.2900,-4.9098,18.9269,155.4283,23.2288,-4.9486,15.7873,-0.8146,3.2188,3.7043,145.1674,0.1835,1.2958,0.5333
8.6915,T000001,veh1,seg2,position+velocity,23.2323,-5.4587,155.4283,,,,23.1610,-5.4702,155.4283,,,,,23.4487,-5.0294,15.5256,-1.2432,2.1659,2.0650,145.4017,0.1873,1.2663,0.4808
8.7045,T000001,veh1,seg2,prediction_only,23.4023,-5.5527,155.6226,,,,,,,,,,,23.6500,-5.0453,15.5537,-1.2165,2.1659,2.0650,145.6037,0.2005,1.3277,0.5647
8.7174,T000001,veh1,seg2,prediction_only,23.5700,-5.6545,155.8187,,,,,,,,,,,23.8517,-5.0609,15.5817,-1.1897,2.1659,2.0650,145.8059,0.2148,1.3913,0.6571
8.7175,T000001,veh1,seg2,position+velocity,23.5700,-5.6545,155.8187,,,,,,,23.1210,-6.4533,19.5059,156.0844,23.6136,-5.5146,14.2573,-3.7102,-1.4893,-4.8881,146.3183,0.1788,1.2369,0.1466
8.7304,T000001,veh1,seg2,prediction_only,23.7207,-5.8734,156.0844,,,,,,,,,,,23.7982,-5.5631,14.2380,-3.7735,-1.4893,-4.8881,146.5091,0.1916,1.2990,0.3198
8.7434,T000001,veh1,seg2,prediction_only,23.9166,-5.8623,156.2806,,,,,,,,,,,23.9825,-5.6123,14.2187,-3.8368,-1.4893,-4.8881,146.6999,0.2053,1.3636,0.2585
8.7563,T000001,veh1,seg2,prediction_only,24.0640,-6.0431,156.5140,,,,,,,,,,,24.1666,-5.6625,14.1994,-3.9001,-1.4893,-4.8881,146.8907,0.2201,1.4306,0.3942
8.7571,T000001,veh1,seg2,position+velocity,24.0640,-6.0431,156.5140,,,,,,,24.8409,-5.8273,20.0803,157.6966,24.3759,-5.6921,15.3351,-3.9912,1.7918,-4.9636,147.1021,0.1893,1.2934,0.4696
8.7701,T000001,veh1,seg2,prediction_only,24.2152,-6.2540,156.7735,,,,,,,,,,,24.5748,-5.7442,15.3583,-4.0555,1.7918,-4.9636,147.3076,0.2030,1.3582,0.6239
8.7830,T000001,veh1,seg2,prediction_only,24.3461,-6.5010,157.0530,,,,,,,,,,,24.7739,-5.7971,15.3815,-4.1198,1.7918,-4.9636,147.5137,0.2176,1.4252,0.8237
8.7946,T000001,veh1,seg2,position+velocity,24.5183,-6.4579,157.2305,,,,,,,24.5883,-6.7358,20.6228,157.2305,24.8550,-6.0607,14.8362,-5.3724,0.1310,-8.3143,147.7895,0.2032,1.3586,0.5207
8.8076,T000001,veh1,seg2,prediction_only,24.7324,-6.3203,157.4851,,,,,,,,,,,25.0472,-6.1310,14.8379,-5.4801,0.1310,-8.3143,147.9941,0.2178,1.4256,0.3673
8.8206,T000001,veh1,seg2,prediction_only,24.9398,-6.2788,157.6966,,,,,,,,,,,25.2395,-6.2027,14.8396,-5.5878,0.1310,-8.3143,148.1993,0.2335,1.4945,0.3091
8.8329,T000001,veh1,seg2,position+velocity,25.1171,-6.3449,157.8858,,,,,,,24.8939,-6.1199,21.1753,157.6966,25.2556,-6.2068,13.9378,-5.2866,-2.3542,-7.0628,148.2159,0.2073,1.3727,0.1956
8.8458,T000001,veh1,seg2,prediction_only,25.3259,-6.3457,158.0946,,,,,,,,,,,25.4360,-6.2759,13.9073,-5.3781,-2.3542,-7.0628,148.4091,0.2221,1.4401,0.1304
8.8588,T000001,veh1,seg2,prediction_only,25.4976,-6.3377,158.2665,,,,,,,,,,,25.6159,-6.3461,13.8768,-5.4696,-2.3542,-7.0628,148.6023,0.2380,1.5093,0.1186
8.8701,T000001,veh1,seg2,position+velocity,25.6737,-6.3354,158.4426,,,,,,,26.0093,-6.2660,21.7125,158.4426,25.8682,-6.3580,14.3996,-5.2798,-0.7509,-6.3271,148.8548,0.2040,1.3560,0.1958
8.8830,T000001,veh1,seg2,prediction_only,25.7741,-6.7535,158.8727,,,,,,,,,,,26.0547,-6.4269,14.3899,-5.3618,-0.7509,-6.3271,149.0536,0.2184,1.4230,0.4306
8.8960,T000001,veh1,seg2,prediction_only,25.9279,-6.7749,159.0280,,,,,,,,,,,26.2410,-6.4969,14.3802,-5.4437,-0.7509,-6.3271,149.2527,0.2339,1.4918,0.4187
8.9075,T000001,veh1,seg2,position+velocity,26.0639,-6.9942,159.2860,,,,,,,26.6190,-7.1583,22.2528,159.8802,26.4567,-6.7095,14.6374,-6.3364,-0.0274,-8.6241,149.5555,0.2178,1.4175,0.4852
8.9205,T000001,veh1,seg2,prediction_only,26.2184,-7.1907,159.5360,,,,,,,,,,,26.6463,-6.7923,14.6370,-6.4481,-0.0274,-8.6241,149.7624,0.2331,1.4858,0.5847
8.9334,T000001,veh1,seg2,prediction_only,26.3788,-7.2562,159.7093,,,,,,,,,,,26.8359,-6.8765,14.6367,-6.5598,-0.0274,-8.6241,149.9699,0.2496,1.5558,0.5943
8.9447,T000001,veh1,seg2,position+velocity,26.5497,-7.2572,159.8802,,,,,,,26.6204,-7.3872,22.7884,159.8802,26.9034,-7.0507,14.1062,-7.1760,-1.5060,-10.0015,150.1567,0.2318,1.4716,0.4095
8.9576,T000001,veh1,seg2,prediction_only,26.7597,-7.2683,160.0905,,,,,,,,,,,27.0860,-7.1445,14.0866,-7.3055,-1.5060,-10.0015,150.3620,0.2479,1.5406,0.3489
8.9706,T000001,veh1,seg2,prediction_only,26.9065,-7.4471,160.3219,,,,,,,,,,,27.2683,-7.2400,14.0671,-7.4351,-1.5060,-10.0015,150.5678,0.2651,1.6114,0.4169
8.9835,T000001,veh1,seg2,prediction_only,27.1188,-7.3672,160.5488,,,,,,,,,,,27.4504,-7.3372,14.0476,-7.5647,-1.5060,-10.0015,150.7742,0.2834,1.6842,0.3330
8.9848,T000001,veh1,seg2,position+velocity,27.1188,-7.3672,160.5488,,,,,,,26.6848,-7.5725,23.3671,160.3219,27.2518,-7.4036,12.9124,-7.8609,-4.5345,-10.7232,150.9837,0.2442,1.5100,0.1379
8.9978,T000001,veh1,seg2,prediction_only,27.3632,-7.2140,160.8372,,,,,,,,,,,27.4187,-7.5064,12.8537,-7.9998,-4.5345,-10.7232,151.1797,0.2609,1.5791,0.2976
9.0107,T000001,veh1,seg2,prediction_only,27.5510,-7.2440,161.0274,,,,,,,,,,,27.5848,-7.6109,12.7949,-8.1387,-4.5345,-10.7232,151.3760,0.2786,1.6500,0.3684
9.0237,T000001,veh1,seg2,prediction_only,27.7190,-7.3352,161.2185,,,,,,,,,,,27.7502,-7.7172,12.7362,-8.2776,-4.5345,-10.7232,151.5726,0.2974,1.7228,0.3833
9.0247,T000001,veh1,seg2,position+velocity,27.7190,-7.3352,161.2185,,,,,,,28.0811,-7.3869,23.9410,161.6058,27.8850,-7.6061,13.3959,-7.6607,-2.6888,-9.0335,151.7473,0.2465,1.5026,0.3177
9.0376,T000001,veh1,seg2,prediction_only,27.9167,-7.3308,161.4163,,,,,,,,,,,28.0583,-7.7061,13.3611,-7.7777,-2.6888,-9.0335,151.9474,0.2630,1.5708,0.4011
9.0506,T000001,veh1,seg2,prediction_only,28.0882,-7.4114,161.6058,,,,,,,,,,,28.2312,-7.8076,13.3262,-7.8948,-2.6888,-9.0335,152.1479,0.2805,1.6408,0.4212
9.0636,T000001,veh1,seg2,prediction_only,28.3071,-7.3083,161.8477,,,,,,,,,,,28.4036,-7.9106,13.2914,-8.0118,-2.6888,-9.0335,152.3487,0.2990,1.7127,0.6101
9.0638,T000001,veh1,seg2,position+velocity,28.3071,-7.3083,161.8477,,,,,,,28.6525,-7.2222,24.5043,162.3004,28.4950,-7.6575,13.7243,-6.7270,-1.5879,-5.7030,152.6178,0.2402,1.4661,0.3966
9.0768,T000001,veh1,seg2,prediction_only,28.4557,-7.5200,162.1064,,,,,,,,,,,28.6726,-7.7452,13.7037,-6.8008,-1.5879,-5.7030,152.8159,0.2560,1.5331,0.3126
9.0897,T000001,veh1,seg2,prediction_only,28.6495,-7.5111,162.3004,,,,,,,,,,,28.8500,-7.8337,13.6831,-6.8747,-1.5879,-5.7030,153.0142,0.2728,1.6019,0.3798
9.1027,T000001,veh1,seg2,prediction_only,28.8574,-7.4459,162.5183,,,,,,,,,,,29.0271,-7.9233,13.6625,-6.9486,-1.5879,-5.7030,153.2127,0.2907,1.6725,0.5067
9.1033,T000001,veh1,seg2,position+velocity,28.8574,-7.4459,162.5183,,,,,,,28.7230,-7.2216,25.0715,162.5183,28.9172,-7.6804,13.0539,-5.7297,-3.1972,-2.5948,153.4793,0.2359,1.4477,0.2420
9.1162,T000001,veh1,seg2,prediction_only,29.0708,-7.3470,162.7535,,,,,,,,,,,29.0861,-7.7548,13.0125,-5.7633,-3.1972,-2.5948,153.6638,0.2513,1.5141,0.4081
9.1292,T000001,veh1,seg2,prediction_only,29.2577,-7.3608,162.9409,,,,,,,,,,,29.2544,-7.8297,12.9711,-5.7969,-3.1972,-2.5948,153.8480,0.2678,1.5823,0.4690
9.1412,T000001,veh1,seg2,position+velocity,29.4326,-7.3914,163.1185,,,,,,,29.2030,-7.3480,25.6157,162.9409,29.3321,-7.6913,12.5571,-4.8095,-4.1375,-0.0315,154.0067,0.2239,1.4058,0.3163
9.1541,T000001,veh1,seg2,prediction_only,29.6028,-7.5341,163.3406,,,,,,,,,,,29.4944,-7.7536,12.5035,-4.8099,-4.1375,-0.0315,154.1806,0.2386,1.4714,0.2448
9.1671,T000001,veh1,seg2,prediction_only,29.7884,-7.5564,163.5275,,,,,,,,,,,29.6561,-7.8159,12.4499,-4.8103,-4.1375,-0.0315,154.3539,0.2543,1.5388,0.2913
9.1800,T000001,veh1,seg2,prediction_only,29.9783,-7.5624,163.7175,,,,,,,,,,,29.8170,-7.8782,12.3963,-4.8107,-4.1375,-0.0315,154.5264,0.2710,1.6082,0.3547
9.1809,T000001,veh1,seg2,position+velocity,29.9783,-7.5624,163.7175,,,,,,,30.2811,-7.4545,26.1866,164.1134,29.9995,-7.7323,13.2826,-4.0668,-1.7717,1.8578,154.7601,0.2193,1.3994,0.1712
9.1939,T000001,veh1,seg2,prediction_only,30.1522,-7.6768,163.9257,,,,,,,,,,,30.1714,-7.7848,13.2596,-4.0427,-1.7717,1.8578,154.9399,0.2338,1.4650,0.1097
9.2068,T000001,veh1,seg2,prediction_only,30.3396,-7.6889,164.1134,,,,,,,,,,,30.3430,-7.8370,13.2367,-4.0187,-1.7717,1.8578,155.1193,0.2493,1.5323,0.1481
9.2198,T000001,veh1,seg2,prediction_only,30.5463,-7.6284,164.3288,,,,,,,,,,,30.5144,-7.8889,13.2137,-3.9946,-1.7717,1.8578,155.2983,0.2659,1.6017,0.2624
9.2204,T000001,veh1,seg2,position+velocity,30.5463,-7.6284,164.3288,,,,,,,30.5894,-8.0498,26.7534,164.3288,30.5410,-7.9586,13.2841,-4.3662,-1.6389,0.8145,155.3729,0.2134,1.3884,0.3303
9.2334,T000001,veh1,seg2,prediction_only,30.7669,-7.5564,164.5609,,,,,,,,,,,30.7129,-8.0151,13.2629,-4.3556,-1.6389,0.8145,155.5539,0.2277,1.4538,0.4619
9.2463,T000001,veh1,seg2,prediction_only,30.9681,-7.5197,164.7655,,,,,,,,,,,30.8846,-8.0715,13.2417,-4.3451,-1.6389,0.8145,155.7346,0.2430,1.5210,0.5581
9.2593,T000001,veh1,seg2,prediction_only,31.0949,-7.7782,165.0533,,,,,,,,,,,31.0560,-8.1277,13.2205,-4.3345,-1.6389,0.8145,155.9150,0.2595,1.5901,0.3517
9.2600,T000001,veh1,seg2,position+velocity,31.0949,-7.7782,165.0533,,,,,,,30.5762,-7.5780,27.3220,164.3288,30.8855,-7.9262,12.2616,-3.2455,-4.2019,3.7351,156.1790,0.2105,1.3885,0.2564
9.2730,T000001,veh1,seg2,prediction_only,31.2845,-7.8491,165.2557,,,,,,,,,,,31.0440,-7.9679,12.2072,-3.1971,-4.2019,3.7351,156.3428,0.2248,1.4538,0.2682
9.2860,T000001,veh1,seg2,prediction_only,31.4863,-7.8111,165.4610,,,,,,,,,,,31.2018,-8.0090,12.1528,-3.1487,-4.2019,3.7351,156.5059,0.2402,1.5209,0.3465
9.2989,T000001,veh1,seg2,prediction_only,31.6681,-7.8490,165.6468,,,,,,,,,,,31.3589,-8.0495,12.0983,-3.1003,-4.2019,3.7351,156.6681,0.2566,1.5900,0.3686
9.3000,T000001,veh1,seg2,position+velocity,31.6681,-7.8490,165.6468,,,,,,,31.8952,-7.4450,27.8950,166.0673,31.5794,-7.8306,13.2282,-1.9389,-1.0984,6.7632,156.9789,0.2065,1.3801,0.0906
9.3130,T000001,veh1,seg2,prediction_only,31.8505,-7.9281,165.8456,,,,,,,,,,,31.7507,-7.8551,13.2140,-1.8513,-1.0984,6.7632,157.1519,0.2206,1.4450,0.1236
9.3259,T000001,veh1,seg2,prediction_only,32.0604,-7.8570,166.0673,,,,,,,,,,,31.9218,-7.8785,13.1997,-1.7637,-1.0984,6.7632,157.3246,0.2359,1.5118,0.1403
9.3389,T000001,veh1,seg2,prediction_only,32.2797,-7.7533,166.3098,,,,,,,,,,,32.0927,-7.9008,13.1855,-1.6761,-1.0984,6.7632,157.4969,0.2523,1.5805,0.2382
9.3397,T000001,veh1,seg2,position+velocity,32.2797,-7.7533,166.3098,,,,,,,32.0935,-8.0326,28.4642,166.0673,32.0913,-7.9657,13.0848,-2.0512,-1.4371,5.6510,157.5618,0.1988,1.3548,0.2839
9.3527,T000001,veh1,seg2,prediction_only,32.4133,-8.0531,166.6381,,,,,,,,,,,32.2607,-7.9918,13.0662,-1.9780,-1.4371,5.6510,157.7332,0.2126,1.4191,0.1645
9.3657,T000001,veh1,seg2,prediction_only,32.5378,-8.3151,166.9281,,,,,,,,,,,32.4299,-8.0170,13.0476,-1.9048,-1.4371,5.6510,157.9042,0.2275,1.4851,0.3171
9.3786,T000001,veh1,seg2,prediction_only,32.7205,-8.3427,167.1129,,,,,,,,,,,32.5988,-8.0412,13.0289,-1.8316,-1.4371,5.6510,158.0749,0.2436,1.5532,0.3252
9.3797,T000001,veh1,seg2,position+velocity,32.7205,-8.3427,167.1129,,,,,,,31.6332,-8.3142,29.0365,165.8456,32.3138,-8.1246,11.3847,-2.2676,-5.8831,4.4643,158.3718,0.2067,1.3933,0.4615
9.3927,T000001,veh1,seg2,prediction_only,32.9012,-8.4318,167.3143,,,,,,,,,,,32.4608,-8.1536,11.3085,-2.2097,-5.8831,4.4643,158.5217,0.2213,1.4583,0.5209
9.4056,T000001,veh1,seg2,prediction_only,33.0387,-8.6423,167.5658,,,,,,,,,,,32.6068,-8.1818,11.2323,-2.1519,-5.8831,4.4643,158.6704,0.2369,1.5250,0.6313
9.4186,T000001,veh1,seg2,prediction_only,33.2130,-8.7105,167.7530,,,,,,,,,,,32.7518,-8.2093,11.1561,-2.0941,-5.8831,4.4643,158.8180,0.2537,1.5937,0.6811
9.4194,T000001,veh1,seg2,position+velocity,33.2130,-8.7105,167.7530,,,,,,,33.3450,-8.7198,29.6044,167.7530,32.9357,-8.3470,12.1465,-2.8234,-3.1155,2.5185,159.0477,0.2194,1.4416,0.4572
9.4324,T000001,veh1,seg2,prediction_only,33.4472,-8.5888,168.0169,,,,,,,,,,,33.0928,-8.3834,12.1061,-2.7908,-3.1155,2.5185,159.2090,0.2349,1.5073,0.4096
9.4453,T000001,veh1,seg2,prediction_only,33.6170,-8.6412,168.1946,,,,,,,,,,,33.2494,-8.4193,12.0657,-2.7581,-3.1155,2.5185,159.3696,0.2514,1.5748,0.4293
9.4566,T000001,veh1,seg2,position+velocity,33.8203,-8.4828,168.4524,,,,,,,33.5031,-9.1987,30.1370,167.7530,33.4197,-8.7212,12.1839,-4.1644,-2.7784,-1.2247,159.7163,0.2143,1.4069,0.4662
9.4696,T000001,veh1,seg2,prediction_only,34.0151,-8.5209,168.6508,,,,,,,,,,,33.5773,-8.7753,12.1479,-4.1802,-2.7784,-1.2247,159.8829,0.2292,1.4714,0.5064
9.4826,T000001,veh1,seg2,prediction_only,34.1531,-8.7328,168.9037,,,,,,,,,,,33.7344,-8.8295,12.1119,-4.1961,-2.7784,-1.2247,160.0491,0.2452,1.5378,0.4297
9.4941,T000001,veh1,seg2,position+velocity,34.2820,-8.8424,169.0729,,,,,,,34.7321,-9.0780,30.6730,169.6653,34.1383,-8.9299,13.4912,-4.4592,0.9444,-1.8141,160.4653,0.2191,1.4192,0.1682
9.5071,T000001,veh1,seg2,prediction_only,34.4489,-8.9931,169.2978,,,,,,,,,,,34.3132,-8.9878,13.5034,-4.4827,0.9444,-1.8141,160.6495,0.2343,1.4840,0.1359
9.5200,T000001,veh1,seg2,prediction_only,34.6144,-9.0045,169.4636,,,,,,,,,,,34.4882,-9.0460,13.5156,-4.5062,0.9444,-1.8141,160.8339,0.2505,1.5507,0.1328
9.5324,T000001,veh1,seg2,position+velocity,34.8131,-8.9701,169.6653,,,,,,,34.6229,-9.0239,31.2192,169.4636,34.6311,-9.0732,13.3660,-4.3685,0.4303,-1.3703,160.9794,0.2226,1.4246,0.2092
9.5453,T000001,veh1,seg2,prediction_only,34.9580,-9.2032,169.9398,,,,,,,,,,,34.8043,-9.1299,13.3715,-4.3863,0.4303,-1.3703,161.1616,0.2379,1.4895,0.1703
9.5583,T000001,veh1,seg2,prediction_only,35.1184,-9.3271,170.1426,,,,,,,,,,,34.9776,-9.1869,13.3771,-4.4040,0.4303,-1.3703,161.3440,0.2542,1.5562,0.1988
9.5701,T000001,veh1,seg2,position+velocity,35.2634,-9.3847,170.2985,,,,,,,35.5054,-8.9521,31.7577,170.2985,35.2353,-9.1625,13.9084,-4.0203,1.8092,-0.3290,161.6029,0.2332,1.4601,0.2239
9.5830,T000001,veh1,seg2,prediction_only,35.4201,-9.5681,170.5397,,,,,,,,,,,35.4157,-9.2146,13.9319,-4.0246,1.8092,-0.3290,161.7906,0.2490,1.5259,0.3534
9.5960,T000001,veh1,seg2,prediction_only,35.6343,-9.4753,170.7731,,,,,,,,,,,35.5963,-9.2668,13.9553,-4.0288,1.8092,-0.3290,161.9787,0.2659,1.5934,0.2120
9.6089,T000001,veh1,seg2,prediction_only,35.8183,-9.4980,170.9585,,,,,,,,,,,35.7772,-9.3190,13.9788,-4.0331,1.8092,-0.3290,162.1670,0.2838,1.6629,0.1837
9.6097,T000001,veh1,seg2,position+velocity,35.8183,-9.4980,170.9585,,,,,,,36.0021,-9.6717,32.3234,170.9585,35.8457,-9.4307,14.2658,-4.6070,2.5144,-1.8452,162.2980,0.2417,1.4825,0.0727
9.6226,T000001,veh1,seg2,prediction_only,36.0429,-9.4030,171.2024,,,,,,,,,,,36.0307,-9.4905,14.2983,-4.6309,2.5144,-1.8452,162.4924,0.2579,1.5486,0.0883
9.6356,T000001,veh1,seg2,prediction_only,36.2184,-9.4582,171.3864,,,,,,,,,,,36.2161,-9.5507,14.3309,-4.6548,2.5144,-1.8452,162.6874,0.2751,1.6165,0.0925
9.6486,T000001,veh1,seg2,prediction_only,36.4425,-9.3238,171.6477,,,,,,,,,,,36.4020,-9.6111,14.3635,-4.6787,2.5144,-1.8452,162.8828,0.2933,1.6864,0.2902
9.6491,T000001,veh1,seg2,position+velocity,36.4425,-9.3238,171.6477,,,,,,,35.9763,-9.3065,32.8855,171.2024,36.2406,-9.4904,13.4923,-4.0352,0.2438,-0.1465,163.0843,0.2353,1.4442,0.2617
9.6620,T000001,veh1,seg2,prediction_only,36.5777,-9.4711,171.8476,,,,,,,,,,,36.4154,-9.5427,13.4954,-4.0371,0.2438,-0.1465,163.2668,0.2508,1.5095,0.1774
9.6750,T000001,veh1,seg2,prediction_only,36.7221,-9.6258,172.0593,,,,,,,,,,,36.5903,-9.5950,13.4986,-4.0390,0.2438,-0.1465,163.4493,0.2673,1.5766,0.1353
9.6862,T000001,veh1,seg2,position+velocity,36.8775,-9.7587,172.2638,,,,,,,36.7061,-10.4004,33.4142,172.2638,36.7360,-9.8670,13.4892,-5.1992,0.2470,-3.1457,163.7578,0.2400,1.4619,0.1782
9.6991,T000001,veh1,seg2,prediction_only,37.0780,-9.7773,172.4651,,,,,,,,,,,36.9108,-9.9346,13.4924,-5.2399,0.2470,-3.1457,163.9452,0.2557,1.5277,0.2295
9.7121,T000001,veh1,seg2,prediction_only,37.2886,-9.6968,172.6906,,,,,,,,,,,37.0856,-10.0027,13.4956,-5.2807,0.2470,-3.1457,164.1328,0.2724,1.5954,0.3672
9.7250,T000001,veh1,seg2,prediction_only,37.4718,-9.7279,172.8764,,,,,,,,,,,37.2604,-10.0714,13.4988,-5.3214,0.2470,-3.1457,164.3207,0.2902,1.6651,0.4033
9.7260,T000001,veh1,seg2,position+velocity,37.4718,-9.7279,172.8764,,,,37.6652,-9.6585,173.0764,37.9021,-9.9118,33.9826,173.2650,37.4919,-9.9667,14.5657,-4.6917,2.9042,-1.3211,164.5747,0.2240,1.3512,0.2396
9.7390,T000001,veh1,seg2,prediction_only,37.6712,-9.7427,173.0764,,,,,,,,,,,37.6808,-10.0275,14.6033,-4.7088,2.9042,-1.3211,164.7732,0.2379,1.4131,0.2850
9.7519,T000001,veh1,seg2,prediction_only,37.8594,-9.7564,173.2650,,,,,,,,,,,37.8702,-10.0887,14.6409,-4.7260,2.9042,-1.3211,164.9723,0.2528,1.4770,0.3324
9.7649,T000001,veh1,seg2,prediction_only,38.0978,-9.5668,173.5697,,,,,,,,,,,38.0602,-10.1500,14.6786,-4.7431,2.9042,-1.3211,165.1719,0.2688,1.5430,0.5844
9.7658,T000001,veh1,seg2,position+velocity,38.0978,-9.5668,173.5697,,,,,,,37.9893,-9.9846,34.5497,173.2650,38.0317,-10.0912,14.4411,-4.4375,2.2116,-0.5565,165.2372,0.2159,1.3414,0.5285
9.7788,T000001,veh1,seg2,prediction_only,38.3145,-9.5091,173.7939,,,,,,,,,,,38.2190,-10.1487,14.4698,-4.4447,2.2116,-0.5565,165.4331,0.2296,1.4043,0.6468
9.7917,T000001,veh1,seg2,prediction_only,38.4997,-9.5241,173.9798,,,,,,,,,,,38.4066,-10.2064,14.4984,-4.4519,2.2116,-0.5565,165.6293,0.2442,1.4692,0.6885
9.8047,T000001,veh1,seg2,prediction_only,38.6861,-9.5402,174.1669,,,,,,,,,,,38.5946,-10.2641,14.5271,-4.4591,2.2116,-0.5565,165.8260,0.2599,1.5361,0.7296
9.8054,T000001,veh1,seg2,position+velocity,38.6861,-9.5402,174.1669,,,,,,,38.8724,-10.1125,35.1134,174.1669,38.7150,-10.2069,15.0867,-4.1653,3.6685,0.1819,165.9593,0.2042,1.3217,0.6673
9.8184,T000001,veh1,seg2,prediction_only,38.9168,-9.4234,174.4255,,,,,,,,,,,38.9108,-10.2608,15.1342,-4.1629,3.6685,0.1819,166.1623,0.2174,1.3852,0.8374
9.8313,T000001,veh1,seg2,prediction_only,39.1000,-9.4492,174.6105,,,,,,,,,,,39.1071,-10.3147,15.1818,-4.1605,3.6685,0.1819,166.3660,0.2317,1.4505,0.8656
9.8443,T000001,veh1,seg2,prediction_only,39.3070,-9.4083,174.8215,,,,,,,,,,,39.3041,-10.3686,15.2293,-4.1582,3.6685,0.1819,166.5702,0.2470,1.5178,0.9603
9.8454,T000001,veh1,seg2,position+velocity,39.3070,-9.4083,174.8215,,,,,,,39.5768,-8.7470,35.6827,175.2477,39.4192,-9.7258,15.7278,-0.7960,4.9470,9.1159,167.2232,0.1957,1.3159,0.3368
9.8583,T000001,veh1,seg2,prediction_only,39.5186,-9.3773,175.0353,,,,,,,,,,,39.6234,-9.7354,15.7919,-0.6779,4.9470,9.1159,167.4276,0.2088,1.3797,0.3732
9.8713,T000001,veh1,seg2,prediction_only,39.7229,-9.3193,175.2477,,,,,,,,,,,39.8284,-9.7434,15.8560,-0.5598,4.9470,9.1159,167.6327,0.2229,1.4455,0.4371
9.8843,T000001,veh1,seg2,prediction_only,39.8733,-9.4731,175.4628,,,,,,,,,,,40.0342,-9.7499,15.9201,-0.4417,4.9470,9.1159,167.8387,0.2382,1.5133,0.3202
9.8851,T000001,veh1,seg2,position+velocity,39.8733,-9.4731,175.4628,,,,,,,40.0115,-9.6459,36.2475,175.6733,40.0295,-9.7350,15.8118,-0.4512,4.6041,8.8409,167.8543,0.1908,1.3196,0.3049
9.8980,T000001,veh1,seg2,prediction_only,40.0414,-9.5998,175.6733,,,,,,,,,,,40.2347,-9.7401,15.8715,-0.3367,4.6041,8.8409,168.0596,0.2039,1.3837,0.2389
9.9110,T000001,veh1,seg2,prediction_only,40.2125,-9.6737,175.8597,,,,,,,,,,,40.4407,-9.7437,15.9311,-0.2221,4.6041,8.8409,168.2656,0.2182,1.4498,0.2388
9.9239,T000001,veh1,seg2,prediction_only,40.3745,-9.7779,176.0523,,,,,,,,,,,40.6475,-9.7459,15.9908,-0.1076,4.6041,8.8409,168.4724,0.2336,1.5178,0.2748
9.9245,T000001,veh1,seg2,position+velocity,40.3745,-9.7779,176.0523,,,,,,,40.5008,-9.9453,36.8083,176.2700,40.5994,-9.8218,15.6792,-0.5317,3.7421,7.6385,168.5623,0.1890,1.3285,0.2291
9.9375,T000001,veh1,seg2,prediction_only,40.5420,-9.9169,176.2700,,,,,,,,,,,40.8028,-9.8281,15.7277,-0.4327,3.7421,7.6385,168.7659,0.2024,1.3928,0.2755
9.9504,T000001,veh1,seg2,prediction_only,40.7381,-9.8983,176.4669,,,,,,,,,,,41.0069,-9.8331,15.7762,-0.3338,3.7421,7.6385,168.9700,0.2170,1.4590,0.2766
9.9634,T000001,veh1,seg2,prediction_only,40.9164,-9.9438,176.6509,,,,,,,,,,,41.2116,-9.8367,15.8247,-0.2348,3.7421,7.6385,169.1747,0.2326,1.5271,0.3140
9.9643,T000001,veh1,seg2,position+velocity,40.9164,-9.9438,176.6509,,,,,,,40.6948,-10.4596,37.3744,176.6509,41.0334,-10.0629,14.7498,-1.4892,0.7759,4.1695,169.4626,0.1888,1.3350,0.1669
9.9773,T000001,veh1,seg2,prediction_only,41.0962,-10.0264,176.8488,,,,,,,,,,,41.2246,-10.0818,14.7599,-1.4352,0.7759,4.1695,169.6547,0.2025,1.3992,0.1398
9.9902,T000001,veh1,seg2,prediction_only,41.2354,-10.2304,177.0957,,,,,,,,,,,41.4158,-10.1001,14.7699,-1.3812,0.7759,4.1695,169.8468,0.2173,1.4652,0.2226
10.0032,T000001,veh1,seg2,prediction_only,41.3821,-10.3967,177.3175,,,,,,,,,,,41.6072,-10.1176,14.7800,-1.3272,0.7759,4.1695,170.0390,0.2332,1.5333,0.3585
10.0039,T000001,veh1,seg2,position+velocity,41.3821,-10.3967,177.3175,,,,,,,41.9796,-10.6304,37.9372,178.1843,41.7405,-10.2719,15.5017,-2.1656,2.8302,1.9078,170.2429,0.1960,1.3652,0.3795
10.0169,T000001,veh1,seg2,prediction_only,41.5744,-10.4432,177.5154,,,,,,,,,,,41.9416,-10.2998,15.5384,-2.1409,2.8302,1.9078,170.4459,0.2103,1.4298,0.3942
10.0298,T000001,veh1,seg2,prediction_only,41.6929,-10.7225,177.8187,,,,,,,,,,,42.1431,-10.3274,15.5750,-2.1162,2.8302,1.9078,170.6493,0.2257,1.4962,0.5990
10.0425,T000001,veh1,seg2,position+velocity,41.8478,-10.7887,177.9871,,,,,,,42.0449,-10.5430,38.4851,178.1843,42.2541,-10.3986,15.1109,-2.3236,1.4265,1.3212,170.7812,0.2082,1.4089,0.5633
10.0554,T000001,veh1,seg2,prediction_only,42.0429,-10.8173,178.1843,,,,,,,,,,,42.4500,-10.4286,15.1294,-2.3064,1.4265,1.3212,170.9794,0.2234,1.4741,0.5629
10.0684,T000001,veh1,seg2,prediction_only,42.2119,-10.8971,178.3712,,,,,,,,,,,42.6461,-10.4584,15.1479,-2.2893,1.4265,1.3212,171.1777,0.2396,1.5410,0.6173
10.0813,T000001,veh1,seg2,prediction_only,42.4000,-10.8612,178.5627,,,,,,,,,,,42.8425,-10.4879,15.1664,-2.2722,1.4265,1.3212,171.3763,0.2569,1.6100,0.5789
10.0814,T000001,veh1,seg2,position+velocity,42.4000,-10.8612,178.5627,,,,,,,43.0103,-10.8119,39.0381,179.1574,42.9007,-10.5864,15.4956,-2.8090,2.3460,-0.1079,171.4907,0.2157,1.4219,0.5711
10.0943,T000001,veh1,seg2,prediction_only,42.5795,-10.9591,178.7672,,,,,,,,,,,43.1016,-10.6228,15.5260,-2.8104,2.3460,-0.1079,171.6950,0.2311,1.4869,0.6210
10.1073,T000001,veh1,seg2,prediction_only,42.7063,-11.1120,178.9658,,,,,,,,,,,43.3030,-10.6593,15.5564,-2.8118,2.3460,-0.1079,171.8995,0.2476,1.5536,0.7490
10.1196,T000001,veh1,seg2,position+velocity,42.8978,-11.1055,179.1574,,,,,,,43.2548,-10.0996,39.5807,179.1574,43.4198,-10.5097,15.1734,-1.8006,1.2343,2.6183,172.0893,0.2235,1.4360,0.7921
10.1326,T000001,veh1,seg2,prediction_only,43.0564,-11.2712,179.3868,,,,,,,,,,,43.6164,-10.5328,15.1894,-1.7667,1.2343,2.6183,172.2873,0.2392,1.5010,0.9268
10.1455,T000001,veh1,seg2,prediction_only,43.2157,-11.3941,179.5880,,,,,,,,,,,43.8133,-10.5555,15.2054,-1.7328,1.2343,2.6183,172.4855,0.2559,1.5678,1.0297
10.1585,T000001,veh1,seg2,prediction_only,43.3823,-11.4849,179.7778,,,,,,,,,,,44.0104,-10.5777,15.2214,-1.6989,1.2343,2.6183,172.6838,0.2737,1.6365,1.1034
10.1593,T000001,veh1,seg2,position+velocity,43.3823,-11.4849,179.7778,,,,,,,43.2704,-12.1661,40.1437,179.7778,43.8219,-11.0181,14.1632,-4.0492,-1.5284,-3.6100,173.1628,0.2372,1.4738,0.6412
10.1722,T000001,veh1,seg2,prediction_only,43.5741,-11.5287,179.9745,,,,,,,,,,,44.0052,-11.0708,14.1434,-4.0959,-1.5284,-3.6100,173.3536,0.2535,1.5394,0.6289
10.1852,T000001,veh1,seg2,prediction_only,43.7323,-11.6494,180.1735,,,,,,,,,,,44.1883,-11.1242,14.1236,-4.1427,-1.5284,-3.6100,173.5443,0.2708,1.6067,0.6955
10.1981,T000001,veh1,seg2,prediction_only,43.9007,-11.7304,180.3603,,,,,,,,,,,44.3712,-11.1782,14.1038,-4.1895,-1.5284,-3.6100,173.7350,0.2891,1.6760,0.7254
10.1989,T000001,veh1,seg2,position+velocity,43.9007,-11.7304,180.3603,,,,,,,44.3723,-11.7752,40.7066,180.7668,44.3909,-11.3202,14.1708,-4.8617,-1.2900,-5.2090,173.8784,0.2502,1.5058,0.6391
10.2119,T000001,veh1,seg2,prediction_only,44.0661,-11.8685,180.5758,,,,,,,,,,,44.5744,-11.3836,14.1541,-4.9292,-1.2900,-5.2090,174.0725,0.2669,1.5718,0.7025
10.2248,T000001,veh1,seg2,prediction_only,44.2312,-11.9645,180.7668,,,,,,,,,,,44.7576,-11.4479,14.1373,-4.9967,-1.2900,-5.2090,174.2667,0.2846,1.6396,0.7376
10.2378,T000001,veh1,seg2,prediction_only,44.3724,-12.1554,181.0043,,,,,,,,,,,44.9407,-11.5131,14.1206,-5.0642,-1.2900,-5.2090,174.4610,0.3034,1.7093,0.8576
10.2385,T000001,veh1,seg2,position+velocity,44.3724,-12.1554,181.0043,,,,,,,44.6188,-12.2843,41.2684,181.1995,44.8701,-11.6953,13.7147,-5.9519,-2.3164,-7.4103,174.6564,0.2673,1.5549,0.6778
10.2514,T000001,veh1,seg2,prediction_only,44.5641,-12.1925,181.1995,,,,,,,,,,,45.0476,-11.7730,13.6847,-6.0479,-2.3164,-7.4103,174.8501,0.2847,1.6218,0.6401
10.2644,T000001,veh1,seg2,prediction_only,44.7056,-12.3769,181.4319,,,,,,,,,,,45.2247,-11.8520,13.6547,-6.1439,-2.3164,-7.4103,175.0440,0.3031,1.6904,0.7382
10.2773,T000001,veh1,seg2,prediction_only,44.8728,-12.4632,181.6201,,,,,,,,,,,45.4014,-11.9322,13.6247,-6.2399,-2.3164,-7.4103,175.2381,0.3225,1.7608,0.7492
10.2780,T000001,veh1,seg2,position+velocity,44.8728,-12.4632,181.6201,,,,,,,44.2298,-12.7917,41.8292,181.4319,45.1312,-12.1309,12.2658,-7.1794,-5.6758,-9.6870,175.5735,0.2847,1.6027,0.4209
10.2909,T000001,veh1,seg2,prediction_only,45.1164,-12.2942,181.9166,,,,,,,,,,,45.2896,-12.2248,12.1922,-7.3049,-5.6758,-9.6870,175.7576,0.3027,1.6702,0.1867
10.3039,T000001,veh1,seg2,prediction_only,45.2641,-12.4557,182.1354,,,,,,,,,,,45.4471,-12.3202,12.1187,-7.4304,-5.6758,-9.6870,175.9417,0.3217,1.7395,0.2277
10.3168,T000001,veh1,seg2,prediction_only,45.4902,-12.3081,182.4055,,,,,,,,,,,45.6036,-12.4173,12.0452,-7.5559,-5.6758,-9.6870,176.1259,0.3417,1.8106,0.1574
10.3174,T000001,veh1,seg2,position+velocity,45.4902,-12.3081,182.4055,,,,,,,45.9676,-12.9833,42.3895,183.1844,45.7423,-12.5824,12.7053,-8.2993,-3.9510,-11.4161,176.3415,0.2879,1.5932,0.3725
10.3304,T000001,veh1,seg2,prediction_only,45.6801,-12.3537,182.6007,,,,,,,,,,,45.9066,-12.6909,12.6541,-8.4472,-3.9510,-11.4161,176.5384,0.3056,1.6604,0.4062
10.3434,T000001,veh1,seg2,prediction_only,45.8797,-12.3212,182.8030,,,,,,,,,,,46.0702,-12.8013,12.6029,-8.5951,-3.9510,-11.4161,176.7357,0.3243,1.7292,0.5165
10.3563,T000001,veh1,seg2,prediction_only,46.0621,-12.3417,182.9866,,,,,,,,,,,46.2331,-12.9136,12.5517,-8.7430,-3.9510,-11.4161,176.9336,0.3441,1.7999,0.5968
10.3571,T000001,veh1,seg2,position+velocity,46.0621,-12.3417,182.9866,,,,46.4713,-12.7060,183.3746,46.3605,-12.4850,42.9520,183.3746,46.3068,-12.6949,12.8673,-7.5364,-3.1284,-8.0352,177.1643,0.2648,1.4503,0.4297
10.3700,T000001,veh1,seg2,prediction_only,46.2437,-12.4204,183.1844,,,,,,,,,,,46.4732,-12.7933,12.8268,-7.6405,-3.1284,-8.0352,177.3576,0.2802,1.5130,0.4379
10.3830,T000001,veh1,seg2,prediction_only,46.4338,-12.4187,183.3746,,,,,,,,,,,46.6391,-12.8929,12.7862,-7.7446,-3.1284,-8.0352,177.5512,0.2965,1.5775,0.5168
10.3959,T000001,veh1,seg2,prediction_only,46.6253,-12.4177,183.5660,,,,,,,,,,,46.8045,-12.9939,12.7457,-7.8487,-3.1284,-8.0352,177.7449,0.3138,1.6441,0.6035
10.3968,T000001,veh1,seg2,position+velocity,46.6253,-12.4177,183.5660,,,,,,,45.7873,-12.7489,43.5165,182.6007,46.4997,-12.9279,11.3056,-7.5345,-6.5472,-7.3000,178.0568,0.2655,1.4691,0.5254
10.4098,T000001,veh1,seg2,prediction_only,46.8209,-12.4420,183.7632,,,,,,,,,,,46.6456,-13.0261,11.2208,-7.6291,-6.5472,-7.3000,178.2327,0.2810,1.5333,0.6098
10.4227,T000001,veh1,seg2,prediction_only,47.0064,-12.4425,183.9486,,,,,,,,,,,46.7904,-13.1255,11.1360,-7.7236,-6.5472,-7.3000,178.4084,0.2975,1.5993,0.7164
10.4357,T000001,veh1,seg2,prediction_only,47.2620,-12.1779,184.3165,,,,,,,,,,,46.9341,-13.2262,11.0512,-7.8182,-6.5472,-7.3000,178.5838,0.3149,1.6673,1.0983
10.4362,T000001,veh1,seg2,position+velocity,47.2620,-12.1779,184.3165,,,,,,,47.5073,-12.1661,44.0746,184.5153,47.1771,-12.8209,12.1882,-5.9628,-3.6639,-2.8451,179.0564,0.2508,1.4376,0.6485
10.4491,T000001,veh1,seg2,prediction_only,47.4512,-12.2390,184.5153,,,,,,,,,,,47.3347,-12.8984,12.1408,-5.9997,-3.6639,-2.8451,179.2320,0.2655,1.5022,0.6696
10.4621,T000001,veh1,seg2,prediction_only,47.5888,-12.4391,184.7582,,,,,,,,,,,47.4917,-12.9763,12.0933,-6.0365,-3.6639,-2.8451,179.4073,0.2813,1.5686,0.5459
10.4750,T000001,veh1,seg2,prediction_only,47.8285,-12.2407,185.0693,,,,,,,,,,,47.6480,-13.0548,12.0458,-6.0734,-3.6639,-2.8451,179.5822,0.2980,1.6370,0.8338
10.4759,T000001,veh1,seg2,position+velocity,47.8285,-12.2407,185.0693,,,,,,,47.6224,-12.5542,44.6392,184.7582,47.6371,-12.8830,11.9144,-5.2973,-4.0445,-1.0462,179.7544,0.2391,1.4256,0.6702
10.4889,T000001,veh1,seg2,prediction_only,48.0074,-12.3283,185.2685,,,,,,,,,,,47.7911,-12.9517,11.8620,-5.3109,-4.0445,-1.0462,179.9230,0.2535,1.4908,0.6598
10.5018,T000001,veh1,seg2,prediction_only,48.1992,-12.3180,185.4606,,,,,,,,,,,47.9444,-13.0206,11.8096,-5.3245,-4.0445,-1.0462,180.0911,0.2689,1.5578,0.7474
10.5148,T000001,veh1,seg2,prediction_only,48.3776,-12.3603,185.6439,,,,,,,,,,,48.0970,-13.0896,11.7572,-5.3380,-4.0445,-1.0462,180.2586,0.2853,1.6269,0.7814
10.5155,T000001,veh1,seg2,position+velocity,48.3776,-12.3603,185.6439,,,,,,,49.0916,-12.9372,45.2008,186.5635,48.4656,-13.0441,13.4952,-5.1276,0.3643,-0.5746,180.6300,0.2315,1.4298,0.6894
10.5284,T000001,veh1,seg2,prediction_only,48.5832,-12.3404,185.8506,,,,,,,,,,,48.6405,-13.1105,13.4999,-5.1350,0.3643,-0.5746,180.8171,0.2458,1.4957,0.7722
10.5414,T000001,veh1,seg2,prediction_only,48.7189,-12.4278,186.0119,,,,,,,,,,,48.8154,-13.1771,13.5047,-5.1425,0.3643,-0.5746,181.0043,0.2613,1.5633,0.7555
10.5529,T000001,veh1,seg2,position+velocity,48.8910,-12.4977,186.1977,,,,,,,48.6821,-12.1039,45.7323,185.8506,48.8576,-12.8475,12.8966,-3.2260,-1.3202,4.3530,181.3366,0.2262,1.4380,0.3513
10.5659,T000001,veh1,seg2,prediction_only,49.0520,-12.5793,186.3781,,,,,,,,,,,49.0246,-12.8889,12.8795,-3.1696,-1.3202,4.3530,181.5086,0.2406,1.5044,0.3108
10.5788,T000001,veh1,seg2,prediction_only,49.2341,-12.6138,186.5635,,,,,,,,,,,49.1913,-12.9296,12.8624,-3.1132,-1.3202,4.3530,181.6803,0.2562,1.5725,0.3186
10.5913,T000001,veh1,seg2,position+velocity,49.4254,-12.6090,186.7549,,,,,,,49.9932,-12.4110,46.2776,187.1804,49.5778,-12.7926,14.0132,-2.2220,1.7529,6.4014,182.0903,0.2233,1.4489,0.2386
10.6043,T000001,veh1,seg2,prediction_only,49.6489,-12.5194,186.9956,,,,,,,,,,,49.7594,-12.8208,14.0359,-2.1390,1.7529,6.4014,182.2741,0.2379,1.5155,0.3210
10.6172,T000001,veh1,seg2,prediction_only,49.8212,-12.5861,187.1804,,,,,,,,,,,49.9414,-12.8480,14.0586,-2.0561,1.7529,6.4014,182.4581,0.2537,1.5838,0.2882
10.6302,T000001,veh1,seg2,prediction_only,49.9619,-12.7748,187.4158,,,,,,,,,,,50.1237,-12.8741,14.0813,-1.9732,1.7529,6.4014,182.6423,0.2706,1.6541,0.1898
10.6308,T000001,veh1,seg2,position+velocity,49.9619,-12.7748,187.4158,,,,,,,50.2223,-13.2136,46.8384,187.8160,50.1532,-12.9991,14.1566,-2.6465,1.8757,4.5581,182.7707,0.2238,1.4649,0.2948
10.6438,T000001,veh1,seg2,prediction_only,50.1732,-12.7269,187.6325,,,,,,,,,,,50.3368,-13.0330,14.1809,-2.5874,1.8757,4.5581,182.9574,0.2388,1.5317,0.3470
10.6567,T000001,veh1,seg2,prediction_only,50.3491,-12.7792,187.8160,,,,,,,,,,,50.5206,-13.0661,14.2052,-2.5284,1.8757,4.5581,183.1442,0.2550,1.6001,0.3343
10.6697,T000001,veh1,seg2,prediction_only,50.5469,-12.8099,188.0161,,,,,,,,,,,50.7048,-13.0985,14.2295,-2.4693,1.8757,4.5581,183.3312,0.2722,1.6706,0.3290
10.6714,T000001,veh1,seg2,position+velocity,50.5469,-12.8099,188.0161,,,,50.0864,-12.7316,187.6325,50.0378,-12.7754,47.4140,187.4158,50.4626,-12.9815,12.8551,-1.8636,-1.6715,6.0338,183.6003,0.2111,1.3792,0.1911
10.6843,T000001,veh1,seg2,prediction_only,50.7839,-12.6787,188.2871,,,,,,,,,,,50.6290,-13.0051,12.8335,-1.7854,-1.6715,6.0338,183.7683,0.2249,1.4423,0.3613
10.6973,T000001,veh1,seg2,prediction_only,50.9490,-12.7573,188.4699,,,,,,,,,,,50.7951,-13.0277,12.8118,-1.7072,-1.6715,6.0338,183.9360,0.2398,1.5073,0.3111
10.7102,T000001,veh1,seg2,prediction_only,51.1213,-12.8294,188.6567,,,,,,,,,,,50.9609,-13.0493,12.7902,-1.6291,-1.6715,6.0338,184.1032,0.2558,1.5743,0.2722
10.7109,T000001,veh1,seg2,position+velocity,51.1213,-12.8294,188.6567,,,,,,,50.9695,-12.3582,47.9756,188.2871,50.9801,-12.8012,12.8810,-0.3394,-1.3483,9.3226,184.3521,0.2073,1.3799,0.1440
10.7239,T000001,veh1,seg2,prediction_only,51.2695,-12.9575,188.8526,,,,,,,,,,,51.1468,-12.8048,12.8636,-0.2187,-1.3483,9.3226,184.5189,0.2212,1.4435,0.1959
10.7368,T000001,veh1,seg2,prediction_only,51.4327,-13.0557,189.0431,,,,,,,,,,,51.3133,-12.8069,12.8461,-0.0979,-1.3483,9.3226,184.6854,0.2362,1.5089,0.2760
10.7490,T000001,veh1,seg2,position+velocity,51.6083,-13.1092,189.2266,,,,,,,52.1016,-13.2950,48.5165,189.9485,51.6733,-12.9740,13.9153,-0.9063,1.4996,6.8306,185.0823,0.2096,1.4001,0.1500
10.7620,T000001,veh1,seg2,prediction_only,51.8162,-13.0963,189.4349,,,,,,,,,,,51.8537,-12.9852,13.9347,-0.8178,1.4996,6.8306,185.2630,0.2240,1.4644,0.1172
10.7749,T000001,veh1,seg2,prediction_only,51.9505,-13.3182,189.6943,,,,,,,,,,,52.0344,-12.9952,13.9541,-0.7293,1.4996,6.8306,185.4440,0.2394,1.5305,0.3336
10.7879,T000001,veh1,seg2,prediction_only,52.1726,-13.1944,189.9485,,,,,,,,,,,52.2153,-13.0041,13.9735,-0.6408,1.4996,6.8306,185.6251,0.2560,1.5986,0.1950
10.7890,T000001,veh1,seg2,position+velocity,52.1726,-13.1944,189.9485,,,,,,,51.8152,-13.8064,49.0843,189.6943,52.0763,-13.2752,13.1070,-2.0638,-0.8660,3.1168,185.9297,0.2112,1.4083,0.1256
10.8020,T000001,veh1,seg2,prediction_only,52.3681,-13.2170,190.1453,,,,,,,,,,,52.2461,-13.3016,13.0958,-2.0235,-0.8660,3.1168,186.1015,0.2258,1.4728,0.1485
10.8149,T000001,veh1,seg2,prediction_only,52.5074,-13.4103,190.3835,,,,,,,,,,,52.4156,-13.3276,13.0846,-1.9831,-0.8660,3.1168,186.2730,0.2415,1.5391,0.1235
10.8279,T000001,veh1,seg2,prediction_only,52.6882,-13.4448,190.5677,,,,,,,,,,,52.5851,-13.3530,13.0734,-1.9427,-0.8660,3.1168,186.4443,0.2583,1.6074,0.1381
10.8286,T000001,veh1,seg2,position+velocity,52.6882,-13.4448,190.5677,,,,,,,52.8153,-14.0353,49.6458,190.5677,52.6717,-13.5623,13.5104,-3.0261,0.3299,0.3412,186.6709,0.2161,1.4256,0.1187
10.8415,T000001,veh1,seg2,prediction_only,52.9096,-13.3721,190.8007,,,,,,,,,,,52.8467,-13.6015,13.5147,-3.0216,0.3299,0.3412,186.8503,0.2311,1.4905,0.2379
10.8545,T000001,veh1,seg2,prediction_only,53.1583,-13.1404,191.1405,,,,,,,,,,,53.0218,-13.6406,13.5189,-3.0172,0.3299,0.3412,187.0297,0.2471,1.5571,0.5185
10.8674,T000001,veh1,seg2,prediction_only,53.3794,-13.0150,191.3947,,,,,,,,,,,53.1970,-13.6797,13.5232,-3.0128,0.3299,0.3412,187.2091,0.2643,1.6257,0.6892
10.8683,T000001,veh1,seg2,position+velocity,53.3794,-13.0150,191.3947,,,,,,,53.5450,-13.6542,50.2098,191.1405,53.3502,-13.6566,14.2707,-2.8288,2.2624,0.9315,187.3641,0.2039,1.3680,0.6423
10.8813,T000001,veh1,seg2,prediction_only,53.5944,-12.9215,191.6292,,,,,,,,,,,53.5352,-13.6932,14.3001,-2.8167,2.2624,0.9315,187.5527,0.2180,1.4315,0.7740
10.8942,T000001,veh1,seg2,prediction_only,53.8087,-12.8246,191.8644,,,,,,,,,,,53.7207,-13.7296,14.3294,-2.8046,2.2624,0.9315,187.7417,0.2332,1.4969,0.9093
10.9072,T000001,veh1,seg2,prediction_only,54.0166,-12.7533,192.0841,,,,,,,,,,,53.9065,-13.7659,14.3587,-2.7926,2.2624,0.9315,187.9310,0.2495,1.5643,1.0185
10.9073,T000001,veh1,seg2,position+velocity,54.0166,-12.7533,192.0841,,,,,,,54.1676,-13.1904,50.7630,192.0841,54.0102,-13.5277,14.8950,-1.4980,3.6403,4.3677,188.1908,0.1945,1.3314,0.7744
10.9202,T000001,veh1,seg2,prediction_only,54.2403,-12.5754,192.3700,,,,,,,,,,,54.2035,-13.5468,14.9421,-1.4415,3.6403,4.3677,188.3850,0.2081,1.3944,0.9720
10.9332,T000001,veh1,seg2,prediction_only,54.4412,-12.5357,192.5748,,,,,,,,,,,54.3974,-13.5651,14.9893,-1.3849,3.6403,4.3677,188.5797,0.2228,1.4593,1.0303
10.9446,T000001,veh1,seg2,position+velocity,54.6256,-12.5095,192.7610,,,,,,,54.5387,-12.7876,51.2933,192.5748,54.5530,-13.2748,14.9269,0.3168,3.3240,8.7360,188.9090,0.1869,1.3067,0.7688
10.9576,T000001,veh1,seg2,prediction_only,54.8175,-12.5744,192.9636,,,,,,,,,,,54.7467,-13.2700,14.9700,0.4299,3.3240,8.7360,189.1028,0.2002,1.3696,0.6992
10.9705,T000001,veh1,seg2,prediction_only,54.9835,-12.6679,193.1541,,,,,,,,,,,54.9409,-13.2637,15.0131,0.5431,3.3240,8.7360,189.2971,0.2145,1.4344,0.5973
10.9835,T000001,veh1,seg2,prediction_only,55.1860,-12.6155,193.3632,,,,,,,,,,,55.1356,-13.2559,15.0561,0.6563,3.3240,8.7360,189.4920,0.2299,1.5013,0.6424
10.9847,T000001,veh1,seg2,position+velocity,55.1860,-12.6155,193.3632,,,,54.8251,-12.6014,192.9636,55.3005,-13.2433,51.8625,193.5616,55.1895,-13.2714,15.2230,0.4142,3.6856,7.6615,189.5481,0.1781,1.2494,0.6559
10.9977,T000001,veh1,seg2,prediction_only,55.3838,-12.6295,193.5616,,,,,,,,,,,55.3870,-13.2654,15.2708,0.5135,3.6856,7.6615,189.7457,0.1906,1.3103,0.6359
11.0106,T000001,veh1,seg2,prediction_only,55.5758,-12.6145,193.7541,,,,,,,,,,,55.5852,-13.2581,15.3185,0.6127,3.6856,7.6615,189.9439,0.2042,1.3732,0.6437
11.0236,T000001,veh1,seg2,prediction_only,55.7532,-12.6595,193.9372,,,,,,,,,,,55.7839,-13.2495,15.3662,0.7120,3.6856,7.6615,190.1429,0.2188,1.4383,0.5908
11.0242,T000001,veh1,seg2,position+velocity,55.7532,-12.6595,193.9372,,,,,,,55.4139,-12.6306,52.4232,193.5616,55.6526,-13.0248,14.5682,1.9693,1.4664,11.0855,190.4032,0.1777,1.2613,0.3789
11.0372,T000001,veh1,seg2,prediction_only,55.8773,-12.9766,194.2776,,,,,,,,,,,55.8415,-12.9984,14.5872,2.1129,1.4664,11.0855,190.5939,0.1905,1.3232,0.0420
11.0501,T000001,veh1,seg2,prediction_only,56.0772,-12.9427,194.4803,,,,,,,,,,,56.0305,-12.9701,14.6062,2.2565,1.4664,11.0855,190.7851,0.2044,1.3870,0.0541
11.0631,T000001,veh1,seg2,prediction_only,56.2176,-13.1392,194.7219,,,,,,,,,,,56.2199,-12.9399,14.6252,2.4002,1.4664,11.0855,190.9768,0.2193,1.4529,0.1993
11.0642,T000001,veh1,seg2,position+velocity,56.2176,-13.1392,194.7219,,,,,,,56.8033,-13.1621,52.9913,195.3644,56.4466,-13.0282,15.8418,1.8581,4.8959,9.4535,191.2201,0.1793,1.2748,0.2545
11.0772,T000001,veh1,seg2,prediction_only,56.4233,-13.1191,194.9285,,,,,,,,,,,56.6522,-13.0033,15.9052,1.9806,4.8959,9.4535,191.4272,0.1924,1.3373,0.2566
11.0902,T000001,veh1,seg2,prediction_only,56.6224,-13.0281,195.1474,,,,,,,,,,,56.8587,-12.9769,15.9686,2.1031,4.8959,9.4535,191.6354,0.2065,1.4017,0.2418
11.1030,T000001,veh1,seg2,position+velocity,56.7736,-13.1837,195.3644,,,,,,,56.7819,-13.5673,53.5412,195.3644,56.9524,-13.1707,15.3616,0.9665,2.9457,5.9642,191.8507,0.1795,1.2776,0.1793
11.1159,T000001,veh1,seg2,prediction_only,56.9758,-13.1821,195.5666,,,,,,,,,,,57.1517,-13.1577,15.3998,1.0437,2.9457,5.9642,192.0503,0.1927,1.3403,0.1776
11.1289,T000001,veh1,seg2,prediction_only,57.1581,-13.2164,195.7521,,,,,,,,,,,57.3514,-13.1436,15.4380,1.1210,2.9457,5.9642,192.2506,0.2071,1.4048,0.2066
11.1418,T000001,veh1,seg2,prediction_only,57.3043,-13.3694,195.9637,,,,,,,,,,,57.5516,-13.1286,15.4761,1.1983,2.9457,5.9642,192.4514,0.2224,1.4716,0.3451
11.1424,T000001,veh1,seg2,position+velocity,57.3043,-13.3694,195.9637,,,,,,,57.1154,-13.5592,54.1013,195.9637,57.4020,-13.2758,14.5798,0.3855,0.4615,3.7581,192.6613,0.1804,1.2795,0.1352
11.1554,T000001,veh1,seg2,prediction_only,57.4650,-13.5341,196.1938,,,,,,,,,,,57.5909,-13.2705,14.5857,0.4342,0.4615,3.7581,192.8503,0.1938,1.3423,0.2921
11.1683,T000001,veh1,seg2,prediction_only,57.6629,-13.5105,196.3931,,,,,,,,,,,57.7799,-13.2646,14.5917,0.4829,0.4615,3.7581,193.0394,0.2082,1.4069,0.2724
11.1813,T000001,veh1,seg2,prediction_only,57.7630,-13.8094,196.7083,,,,,,,,,,,57.9690,-13.2580,14.5977,0.5316,0.4615,3.7581,193.2285,0.2237,1.4737,0.5886
11.1814,T000001,veh1,seg2,position+velocity,57.7630,-13.8094,196.7083,,,,,,,57.5951,-13.8162,54.6542,196.7083,57.8425,-13.4515,13.8879,-0.5570,-1.4727,0.7584,193.4597,0.1818,1.2816,0.3666
11.1943,T000001,veh1,seg2,prediction_only,57.8914,-14.0383,196.9708,,,,,,,,,,,58.0223,-13.4587,13.8688,-0.5472,-1.4727,0.7584,193.6397,0.1953,1.3444,0.5942
11.2073,T000001,veh1,seg2,prediction_only,58.0596,-14.1257,197.1603,,,,,,,,,,,58.2019,-13.4657,13.8497,-0.5374,-1.4727,0.7584,193.8193,0.2098,1.4091,0.6751
11.2201,T000001,veh1,seg2,position+velocity,58.3074,-13.8974,197.4973,,,,,,,58.0161,-14.1046,55.2035,197.1603,58.2532,-13.6931,13.1318,-1.7615,-3.3835,-2.6296,194.0525,0.1824,1.2787,0.2113
11.2330,T000001,veh1,seg2,prediction_only,58.5035,-13.9223,197.6949,,,,,,,,,,,58.4230,-13.7162,13.0880,-1.7956,-3.3835,-2.6296,194.2239,0.1959,1.3414,0.2213
11.2460,T000001,veh1,seg2,prediction_only,58.7056,-13.8717,197.9033,,,,,,,,,,,58.5923,-13.7397,13.0442,-1.8296,-3.3835,-2.6296,194.3948,0.2104,1.4060,0.1740
11.2589,T000001,veh1,seg2,prediction_only,58.8768,-13.9438,198.0890,,,,,,,,,,,58.7610,-13.7636,13.0003,-1.8637,-3.3835,-2.6296,194.5652,0.2260,1.4728,0.2142
11.2597,T000001,veh1,seg2,position+velocity,58.8768,-13.9438,198.0890,,,,,,,58.8665,-13.6784,55.7667,197.9033,58.8129,-13.7223,13.2532,-1.5879,-2.6148,-1.7609,194.6315,0.1830,1.2753,0.2305
11.2727,T000001,veh1,seg2,prediction_only,59.0806,-13.9220,198.2940,,,,,,,,,,,58.9844,-13.7431,13.2193,-1.6107,-2.6148,-1.7609,194.8042,0.1965,1.3380,0.2032
11.2857,T000001,veh1,seg2,prediction_only,59.2620,-13.9557,198.4785,,,,,,,,,,,59.1554,-13.7641,13.1855,-1.6335,-2.6148,-1.7609,194.9765,0.2110,1.4026,0.2193
11.2986,T000001,veh1,seg2,prediction_only,59.4191,-14.0545,198.6641,,,,,,,,,,,59.3260,-13.7854,13.1516,-1.6563,-2.6148,-1.7609,195.1485,0.2265,1.4692,0.2847
11.2987,T000001,veh1,seg2,position+velocity,59.4191,-14.0545,198.6641,,,,,,,59.0963,-14.8534,56.3196,198.8685,59.2405,-14.1812,12.6554,-3.9070,-4.0172,-8.0845,195.5534,0.1827,1.2696,0.2190
11.3116,T000001,veh1,seg2,prediction_only,59.5921,-14.1634,198.8685,,,,,,,,,,,59.4041,-14.2325,12.6034,-4.0117,-4.0172,-8.0845,195.7249,0.1961,1.3321,0.2003
11.3246,T000001,veh1,seg2,prediction_only,59.7531,-14.2888,199.0726,,,,,,,,,,,59.5670,-14.2851,12.5514,-4.1164,-4.0172,-8.0845,195.8961,0.2106,1.3966,0.1862
11.3376,T000001,veh1,seg2,prediction_only,59.8845,-14.5304,199.3476,,,,,,,,,,,59.7293,-14.3391,12.4993,-4.2212,-4.0172,-8.0845,196.0671,0.2260,1.4632,0.2463
11.3387,T000001,veh1,seg2,position+velocity,59.8845,-14.5304,199.3476,,,,,,,59.8619,-14.2457,56.8878,199.0726,59.7903,-14.2913,12.7695,-3.8781,-3.2147,-6.9533,196.1446,0.1845,1.2733,0.2570
11.3517,T000001,veh1,seg2,prediction_only,60.1044,-14.4698,199.5757,,,,,,,,,,,59.9554,-14.3421,12.7279,-3.9682,-3.2147,-6.9533,196.3174,0.1979,1.3360,0.1962
11.3646,T000001,veh1,seg2,prediction_only,60.2671,-14.5748,199.7694,,,,,,,,,,,60.1200,-14.3941,12.6862,-4.0583,-3.2147,-6.9533,196.4901,0.2124,1.4006,0.2330
11.3776,T000001,veh1,seg2,prediction_only,60.4166,-14.7256,199.9817,,,,,,,,,,,60.2841,-14.4472,12.6446,-4.1484,-3.2147,-6.9533,196.6626,0.2279,1.4673,0.3083
11.3784,T000001,veh1,seg2,position+velocity,60.4166,-14.7256,199.9817,,,,,,,60.7425,-14.1324,57.4516,200.3914,60.4557,-14.3361,13.5427,-3.5116,-0.7024,-5.1591,196.8670,0.1855,1.2744,0.3914
11.3914,T000001,veh1,seg2,prediction_only,60.6278,-14.6868,200.1964,,,,,,,,,,,60.6311,-14.3821,13.5336,-3.5784,-0.7024,-5.1591,197.0483,0.1990,1.3371,0.3048
11.4043,T000001,veh1,seg2,prediction_only,60.8218,-14.6671,200.3914,,,,,,,,,,,60.8064,-14.4289,13.5245,-3.6452,-0.7024,-5.1591,197.2297,0.2135,1.4017,0.2388
11.4173,T000001,veh1,seg2,prediction_only,60.9846,-14.7801,200.5897,,,,,,,,,,,60.9815,-14.4765,13.5154,-3.7121,-0.7024,-5.1591,197.4112,0.2291,1.4684,0.3036
11.4182,T000001,veh1,seg2,position+velocity,60.9846,-14.7801,200.5897,,,,,,,60.7165,-14.7251,58.0156,200.1964,60.8841,-14.5751,12.8799,-4.2677,-2.5414,-6.7453,197.5498,0.1858,1.2725,0.2283
11.4311,T000001,veh1,seg2,prediction_only,61.1567,-14.9002,200.7995,,,,,,,,,,,61.0507,-14.6310,12.8469,-4.3551,-2.5414,-6.7453,197.7256,0.1992,1.3351,0.2894
11.4441,T000001,veh1,seg2,prediction_only,61.3318,-14.9596,200.9844,,,,,,,,,,,61.2169,-14.6880,12.8140,-4.4425,-2.5414,-6.7453,197.9013,0.2137,1.3997,0.2949
11.4570,T000001,veh1,seg2,prediction_only,61.5330,-14.9102,201.1915,,,,,,,,,,,61.3827,-14.7461,12.7811,-4.5298,-2.5414,-6.7453,198.0770,0.2292,1.4664,0.2226
11.4579,T000001,veh1,seg2,position+velocity,61.5330,-14.9102,201.1915,,,,,,,61.4941,-14.8352,58.5791,201.1915,61.4348,-14.7774,13.0243,-4.6772,-1.8187,-7.1098,198.1377,0.1858,1.2707,0.1652
11.4708,T000001,veh1,seg2,prediction_only,61.7137,-14.9831,201.3864,,,,,,,,,,,61.6033,-14.8386,13.0008,-4.7693,-1.8187,-7.1098,198.3171,0.1992,1.3334,0.1819
11.4838,T000001,veh1,seg2,prediction_only,61.8578,-15.1607,201.6152,,,,,,,,,,,61.7716,-14.9009,12.9772,-4.8614,-1.8187,-7.1098,198.4965,0.2137,1.3979,0.2737
11.4967,T000001,veh1,seg2,prediction_only,62.0426,-15.1779,201.8007,,,,,,,,,,,61.9396,-14.9645,12.9536,-4.9535,-1.8187,-7.1098,198.6761,0.2291,1.4645,0.2370
11.4973,T000001,veh1,seg2,position+velocity,62.0426,-15.1779,201.8007,,,,,,,62.2667,-14.8352,59.1389,201.8007,62.0616,-14.9177,13.5890,-4.6757,-0.0482,-6.3074,198.8068,0.1861,1.2716,0.2609
11.5102,T000001,veh1,seg2,prediction_only,62.2040,-15.3322,202.0240,,,,,,,,,,,62.2377,-14.9788,13.5883,-4.7574,-0.0482,-6.3074,198.9932,0.1996,1.3343,0.3549
11.5232,T000001,veh1,seg2,prediction_only,62.3825,-15.3379,202.2025,,,,,,,,,,,62.4137,-15.0410,13.5877,-4.8391,-0.0482,-6.3074,199.1799,0.2140,1.3988,0.2985
11.5361,T000001,veh1,seg2,position+velocity,62.5413,-15.4525,202.3984,,,,,,,62.8921,-15.1766,59.6899,202.5986,62.6925,-15.1318,14.1484,-5.0816,1.4832,-6.7739,199.4730,0.1866,1.2736,0.3545
11.5491,T000001,veh1,seg2,prediction_only,62.7218,-15.5392,202.5986,,,,,,,,,,,62.8759,-15.1982,14.1677,-5.1693,1.4832,-6.7739,199.6681,0.2000,1.3363,0.3741
11.5620,T000001,veh1,seg2,prediction_only,62.8850,-15.6578,202.8004,,,,,,,,,,,63.0595,-15.2657,14.1869,-5.2571,1.4832,-6.7739,199.8638,0.2145,1.4010,0.4292
11.5750,T000001,veh1,seg2,prediction_only,63.0963,-15.5677,203.0301,,,,,,,,,,,63.2435,-15.3344,14.2061,-5.3448,1.4832,-6.7739,200.0601,0.2300,1.4677,0.2758
11.5760,T000001,veh1,seg2,position+velocity,63.0963,-15.5677,203.0301,,,,,,,63.0010,-15.4011,60.2561,203.0301,63.1598,-15.3608,13.6449,-5.4647,-0.1339,-7.0801,200.1478,0.1874,1.2768,0.2164
11.5889,T000001,veh1,seg2,prediction_only,63.3160,-15.4968,203.2610,,,,,,,,,,,63.3366,-15.4322,13.6432,-5.5565,-0.1339,-7.0801,200.3385,0.2009,1.3396,0.0678
11.6019,T000001,veh1,seg2,prediction_only,63.5259,-15.4146,203.4864,,,,,,,,,,,63.5133,-15.5048,13.6414,-5.6482,-0.1339,-7.0801,200.5295,0.2154,1.4043,0.0911
11.6148,T000001,veh1,seg2,prediction_only,63.6965,-15.4841,203.6706,,,,,,,,,,,63.6900,-15.5786,13.6397,-5.7399,-0.1339,-7.0801,200.7210,0.2309,1.4711,0.0947
11.6155,T000001,veh1,seg2,position+velocity,63.6965,-15.4841,203.6706,,,,,,,63.3075,-15.2168,60.8173,203.2610,63.5579,-15.4457,12.8664,-4.9799,-2.2647,-4.9304,200.9084,0.1867,1.2734,0.1438
11.6285,T000001,veh1,seg2,prediction_only,63.8606,-15.6381,203.8956,,,,,,,,,,,63.7244,-15.5106,12.8371,-5.0438,-2.2647,-4.9304,201.0871,0.2001,1.3361,0.1866
11.6414,T000001,veh1,seg2,prediction_only,63.9833,-15.7653,204.0724,,,,,,,,,,,63.8905,-15.5763,12.8077,-5.1077,-2.2647,-4.9304,201.2658,0.2145,1.4007,0.2105
11.6531,T000001,veh1,seg2,position+velocity,64.1266,-15.9604,204.3144,,,,,,,64.1892,-16.0226,61.3514,204.3144,64.0984,-15.7773,13.1225,-5.9653,-1.2619,-7.2111,201.5550,0.1866,1.2745,0.1852
11.6661,T000001,veh1,seg2,prediction_only,64.2753,-16.1767,204.5769,,,,,,,,,,,64.2683,-15.8552,13.1061,-6.0587,-1.2619,-7.2111,201.7419,0.2000,1.3373,0.3215
11.6790,T000001,veh1,seg2,prediction_only,64.4288,-16.3276,204.7921,,,,,,,,,,,64.4380,-15.9343,13.0898,-6.1521,-1.2619,-7.2111,201.9291,0.2144,1.4021,0.3934
11.6920,T000001,veh1,seg2,prediction_only,64.6343,-16.2674,205.0063,,,,,,,,,,,64.6075,-16.0146,13.0734,-6.2455,-1.2619,-7.2111,202.1166,0.2299,1.4689,0.2542
11.6931,T000001,veh1,seg2,position+velocity,64.6343,-16.2674,205.0063,,,,,,,64.9252,-16.0375,61.9191,205.0063,64.7169,-16.0209,13.5939,-6.2329,0.1843,-7.1087,202.2262,0.1933,1.3038,0.2599
11.7061,T000001,veh1,seg2,prediction_only,64.7709,-16.5093,205.2841,,,,,,,,,,,64.8930,-16.1023,13.5963,-6.3249,0.1843,-7.1087,202.4202,0.2072,1.3673,0.4249
11.7190,T000001,veh1,seg2,prediction_only,64.9144,-16.6851,205.5110,,,,,,,,,,,65.0692,-16.1848,13.5987,-6.4170,0.1843,-7.1087,202.6147,0.2221,1.4326,0.5237
11.7320,T000001,veh1,seg2,prediction_only,65.0675,-16.8283,205.7206,,,,,,,,,,,65.2453,-16.2685,13.6011,-6.5091,0.1843,-7.1087,202.8098,0.2380,1.5000,0.5873
11.7324,T000001,veh1,seg2,position+velocity,65.0675,-16.8283,205.7206,,,,,,,64.9824,-17.0900,62.4770,205.7206,65.1817,-16.4710,13.2069,-7.6142,-0.9376,-10.1701,203.0220,0.2094,1.3696,0.3751
11.7454,T000001,veh1,seg2,prediction_only,65.2818,-16.7933,205.9378,,,,,,,,,,,65.3527,-16.5705,13.1948,-7.7460,-0.9376,-10.1701,203.2199,0.2244,1.4345,0.2338
11.7583,T000001,veh1,seg2,prediction_only,65.4689,-16.8053,206.1253,,,,,,,,,,,65.5236,-16.6717,13.1826,-7.8777,-0.9376,-10.1701,203.4184,0.2403,1.5011,0.1444
11.7713,T000001,veh1,seg2,prediction_only,65.6259,-16.9311,206.3264,,,,,,,,,,,65.6943,-16.7746,13.1705,-8.0095,-0.9376,-10.1701,203.6178,0.2573,1.5697,0.1708
11.7723,T000001,veh1,seg2,position+velocity,65.6259,-16.9311,206.3264,,,,,,,66.0029,-16.4906,63.0435,206.7689,65.7958,-16.6867,13.6548,-7.4682,0.4144,-8.5796,203.7520,0.2216,1.4078,0.2976
11.7853,T000001,veh1,seg2,prediction_only,65.8518,-16.8307,206.5737,,,,,,,,,,,65.9727,-16.7842,13.6601,-7.5793,0.4144,-8.5796,203.9540,0.2371,1.4731,0.1295
11.7982,T000001,veh1,seg2,prediction_only,66.0463,-16.8134,206.7689,,,,,,,,,,,66.1497,-16.8831,13.6655,-7.6905,0.4144,-8.5796,204.1567,0.2536,1.5401,0.1247
11.8108,T000001,veh1,seg2,position+velocity,66.2397,-16.7329,206.9784,,,,,,,66.4925,-16.5861,63.5896,207.4183,66.3807,-16.8364,13.9717,-7.0472,1.1864,-6.5965,204.3924,0.2169,1.3721,0.1749
11.8238,T000001,veh1,seg2,prediction_only,66.4313,-16.7743,207.1745,,,,,,,,,,,66.5618,-16.9282,13.9871,-7.1326,1.1864,-6.5965,204.5955,0.2318,1.4362,0.2018
11.8367,T000001,veh1,seg2,prediction_only,66.6516,-16.6698,207.4183,,,,,,,,,,,66.7431,-17.0212,14.0025,-7.2181,1.1864,-6.5965,204.7992,0.2477,1.5021,0.3631
11.8497,T000001,veh1,seg2,prediction_only,66.7936,-16.8533,207.6503,,,,,,,,,,,66.9246,-17.1152,14.0178,-7.3035,1.1864,-6.5965,205.0037,0.2645,1.5700,0.2929
11.8507,T000001,veh1,seg2,position+velocity,66.7936,-16.8533,207.6503,,,,,,,67.2835,-17.0716,64.1562,208.4023,67.0653,-17.1099,14.6725,-7.2596,2.9103,-6.5064,205.1444,0.2137,1.3521,0.3737
11.8637,T000001,veh1,seg2,prediction_only,67.0162,-16.7748,207.8863,,,,,,,,,,,67.2556,-17.2045,14.7102,-7.3439,2.9103,-6.5064,205.3570,0.2282,1.4158,0.4919
11.8766,T000001,veh1,seg2,prediction_only,67.1361,-17.0476,208.1844,,,,,,,,,,,67.4464,-17.3002,14.7479,-7.4282,2.9103,-6.5064,205.5704,0.2437,1.4813,0.4001
11.8896,T000001,veh1,seg2,prediction_only,67.3393,-16.9689,208.4023,,,,,,,,,,,67.6377,-17.3970,14.7856,-7.5125,2.9103,-6.5064,205.7848,0.2601,1.5488,0.5218
11.8900,T000001,veh1,seg2,position+velocity,67.3393,-16.9689,208.4023,,,,,,,67.7182,-17.2865,64.7135,208.8151,67.6657,-17.3588,14.8869,-7.3025,3.1362,-5.9452,205.8322,0.2101,1.3382,0.5085
11.9029,T000001,veh1,seg2,prediction_only,67.5091,-17.0968,208.6149,,,,,,,,,,,67.8588,-17.4539,14.9275,-7.3795,3.1362,-5.9452,206.0474,0.2243,1.4017,0.4999
11.9159,T000001,veh1,seg2,prediction_only,67.7067,-17.0648,208.8151,,,,,,,,,,,68.0525,-17.5500,14.9682,-7.4565,3.1362,-5.9452,206.2636,0.2394,1.4671,0.5958
11.9288,T000001,veh1,seg2,prediction_only,67.9014,-17.0433,209.0110,,,,,,,,,,,68.2467,-17.6471,15.0088,-7.5335,3.1362,-5.9452,206.4807,0.2556,1.5346,0.6956
11.9296,T000001,veh1,seg2,position+velocity,67.9014,-17.0433,209.0110,,,,,,,68.3465,-17.2570,65.2766,209.4212,68.2906,-17.5046,15.1743,-6.7659,3.5619,-3.8886,206.6298,0.2054,1.3250,0.6036
11.9426,T000001,veh1,seg2,prediction_only,68.0704,-17.1698,209.2220,,,,,,,,,,,68.4875,-17.5926,15.2204,-6.8163,3.5619,-3.8886,206.8455,0.2193,1.3885,0.5940
11.9555,T000001,veh1,seg2,prediction_only,68.2673,-17.1400,209.4212,,,,,,,,,,,68.6850,-17.6812,15.2666,-6.8667,3.5619,-3.8886,207.0619,0.2342,1.4538,0.6836
11.9685,T000001,veh1,seg2,prediction_only,68.4593,-17.1278,209.6135,,,,,,,,,,,68.8831,-17.7705,15.3127,-6.9171,3.5619,-3.8886,207.2792,0.2501,1.5212,0.7699
11.9692,T000001,veh1,seg2,position+velocity,68.4593,-17.1278,209.6135,,,,,,,68.7107,-16.7515,65.8381,209.8200,68.8221,-17.3895,14.9333,-4.9048,2.5190,1.4981,207.6651,0.2003,1.3139,0.4473
11.9821,T000001,veh1,seg2,prediction_only,68.6643,-17.1039,209.8200,,,,,,,,,,,69.0157,-17.4529,14.9659,-4.8854,2.5190,1.4981,207.8689,0.2139,1.3774,0.4953
11.9951,T000001,veh1,seg2,prediction_only,68.7983,-17.3301,210.0829,,,,,,,,,,,69.2098,-17.5160,14.9985,-4.8660,2.5190,1.4981,208.0730,0.2286,1.4427,0.4516
12.0080,T000001,veh1,seg2,prediction_only,69.0178,-17.2099,210.3331,,,,,,,,,,,69.4044,-17.5789,15.0312,-4.8466,2.5190,1.4981,208.2774,0.2443,1.5101,0.5345
12.0087,T000001,veh1,seg2,position+velocity,69.0178,-17.2099,210.3331,,,,,,,69.5703,-16.7021,66.3997,210.5322,69.4774,-17.2596,15.3765,-3.1773,3.4779,5.9006,208.6050,0.1953,1.3053,0.4622
12.0217,T000001,veh1,seg2,prediction_only,69.2120,-17.2535,210.5322,,,,,,,,,,,69.6769,-17.3002,15.4216,-3.1009,3.4779,5.9006,208.8086,0.2088,1.3688,0.4671
12.0346,T000001,veh1,seg2,prediction_only,69.3436,-17.4802,210.7943,,,,,,,,,,,69.8769,-17.3399,15.4667,-3.0245,3.4779,5.9006,209.0126,0.2233,1.4341,0.5515
12.0357,T000001,veh1,seg2,position+velocity,69.3436,-17.4802,210.7943,,,,68.1897,-17.8079,209.2220,,,,,69.8238,-17.3618,15.0842,-3.1243,2.3839,5.6001,209.0701,0.2164,1.3810,0.4946
12.0486,T000001,veh1,seg2,position+velocity,69.4915,-17.6444,211.0153,,,,,,,69.2625,-17.4011,66.9657,210.7943,69.8332,-17.4219,13.8268,-3.1168,-1.1469,5.2664,209.1308,0.2000,1.3170,0.4078
12.0616,T000001,veh1,seg2,prediction_only,69.6867,-17.6620,211.2114,,,,,,,,,,,70.0122,-17.4618,13.8120,-3.0486,-1.1469,5.2664,209.3142,0.2137,1.3808,0.3822
12.0745,T000001,veh1,seg2,prediction_only,69.8625,-17.7131,211.3944,,,,,,,,,,,70.1910,-17.5008,13.7971,-2.9804,-1.1469,5.2664,209.4973,0.2284,1.4469,0.3912
12.0875,T000001,veh1,seg2,prediction_only,70.0389,-17.7592,211.5768,,,,,,,,,,,70.3697,-17.5390,13.7822,-2.9121,-1.1469,5.2664,209.6800,0.2442,1.5152,0.3974
12.0880,T000001,veh1,seg2,position+velocity,70.0389,-17.7592,211.5768,,,,,,,69.8811,-17.3968,67.5246,211.3944,70.2320,-17.4954,13.0452,-2.6696,-3.0573,5.9178,209.8244,0.2048,1.3478,0.3269
12.1009,T000001,veh1,seg2,prediction_only,70.2525,-17.7178,211.7944,,,,,,,,,,,70.4007,-17.5295,13.0056,-2.5929,-3.0573,5.9178,209.9965,0.2190,1.4133,0.2397
12.1139,T000001,veh1,seg2,prediction_only,70.4172,-17.8115,211.9838,,,,,,,,,,,70.5689,-17.5626,12.9660,-2.5162,-3.0573,5.9178,210.1680,0.2342,1.4810,0.2915
12.1263,T000001,veh1,seg2,position+velocity,70.5711,-17.8744,212.1501,,,,,,,70.9063,-18.0386,68.0688,212.5602,70.7960,-17.7428,13.3086,-3.2533,-1.9478,3.6732,210.4579,0.2071,1.3651,0.2607
12.1393,T000001,veh1,seg2,prediction_only,70.7756,-17.8561,212.3554,,,,,,,,,,,70.9683,-17.7846,13.2834,-3.2057,-1.9478,3.6732,210.6351,0.2215,1.4316,0.2055
12.1522,T000001,veh1,seg2,prediction_only,70.9305,-17.9900,212.5602,,,,,,,,,,,71.1402,-17.8258,13.2582,-3.1581,-1.9478,3.6732,210.8119,0.2369,1.5001,0.2663
12.1652,T000001,veh1,seg2,prediction_only,71.1361,-17.9388,212.7721,,,,,,,,,,,71.3118,-17.8664,13.2329,-3.1105,-1.9478,3.6732,210.9883,0.2534,1.5707,0.1900
12.1660,T000001,veh1,seg2,position+velocity,71.1361,-17.9388,212.7721,,,,,,,71.2014,-18.2779,68.6322,213.0736,71.2766,-18.0081,12.9740,-3.8360,-2.6788,1.7247,211.1342,0.2070,1.3707,0.1567
12.1790,T000001,veh1,seg2,prediction_only,71.2704,-18.2087,213.0736,,,,,,,,,,,71.4445,-18.0576,12.9393,-3.8137,-2.6788,1.7247,211.3092,0.2214,1.4375,0.2305
12.1919,T000001,veh1,seg2,prediction_only,71.4464,-18.2667,213.2589,,,,,,,,,,,71.6119,-18.1069,12.9045,-3.7913,-2.6788,1.7247,211.4837,0.2369,1.5062,0.2301
12.2049,T000001,veh1,seg2,prediction_only,71.6472,-18.2216,213.4648,,,,,,,,,,,71.7788,-18.1559,12.8698,-3.7690,-2.6788,1.7247,211.6577,0.2534,1.5770,0.1471
12.2058,T000001,veh1,seg2,position+velocity,71.6472,-18.2216,213.4648,,,,,,,72.5992,-18.4476,69.1972,214.3185,72.0545,-18.2465,14.3007,-4.2207,1.2883,0.5221,211.9479,0.2122,1.3979,0.4080
12.2188,T000001,veh1,seg2,prediction_only,71.8503,-18.2128,213.6680,,,,,,,,,,,72.2399,-18.3011,14.3174,-4.2139,1.2883,0.5221,212.1411,0.2270,1.4652,0.3995
12.2317,T000001,veh1,seg2,prediction_only,72.0012,-18.3659,213.8830,,,,,,,,,,,72.4255,-18.3557,14.3341,-4.2072,1.2883,0.5221,212.3346,0.2429,1.5344,0.4244
12.2441,T000001,veh1,seg2,position+velocity,72.1995,-18.2572,214.1092,,,,,,,71.5488,-17.5659,69.7413,212.7721,72.2164,-18.1045,12.2186,-2.5468,-4.6615,5.0976,212.6614,0.2113,1.3952,0.1536
12.2571,T000001,veh1,seg2,prediction_only,72.3722,-18.3753,214.3185,,,,,,,,,,,72.3743,-18.1370,12.1582,-2.4807,-4.6615,5.0976,212.8226,0.2260,1.4622,0.2383
12.2700,T000001,veh1,seg2,prediction_only,72.4900,-18.6736,214.6392,,,,,,,,,,,72.5314,-18.1687,12.0979,-2.4147,-4.6615,5.0976,212.9829,0.2418,1.5310,0.5065
12.2830,T000001,veh1,seg2,prediction_only,72.6620,-18.7459,214.8257,,,,,,,,,,,72.6877,-18.1996,12.0375,-2.3486,-4.6615,5.0976,213.1422,0.2587,1.6018,0.5469
12.2842,T000001,veh1,seg2,position+velocity,72.6620,-18.7459,214.8257,,,,,,,72.4942,-18.3684,70.3098,214.3185,72.6579,-18.2605,11.8320,-2.6874,-5.1123,4.0769,213.2100,0.2234,1.4462,0.4855
12.2971,T000001,veh1,seg2,prediction_only,72.8445,-18.8273,215.0256,,,,,,,,,,,72.8108,-18.2949,11.7658,-2.6346,-5.1123,4.0769,213.3667,0.2389,1.5139,0.5335
12.3101,T000001,veh1,seg2,prediction_only,73.0025,-18.9507,215.2261,,,,,,,,,,,72.9628,-18.3287,11.6996,-2.5818,-5.1123,4.0769,213.5224,0.2555,1.5834,0.6232
12.3230,T000001,veh1,seg2,prediction_only,73.1525,-19.0715,215.4187,,,,,,,,,,,73.1139,-18.3618,11.6334,-2.5290,-5.1123,4.0769,213.6771,0.2732,1.6548,0.7108
12.3233,T000001,veh1,seg2,position+velocity,73.1525,-19.0715,215.4187,,,,,,,73.3914,-19.4813,70.8654,215.8644,73.1931,-18.6567,12.0456,-4.0929,-3.9772,-0.1287,213.9824,0.2371,1.4960,0.4168
12.3363,T000001,veh1,seg2,prediction_only,73.3698,-19.0116,215.6441,,,,,,,,,,,73.3488,-18.7097,11.9941,-4.0946,-3.9772,-0.1287,214.1469,0.2534,1.5642,0.3026
12.3492,T000001,veh1,seg2,prediction_only,73.5190,-19.1737,215.8644,,,,,,,,,,,73.5038,-18.7628,11.9425,-4.0962,-3.9772,-0.1287,214.3108,0.2708,1.6342,0.4111
12.3622,T000001,veh1,seg2,prediction_only,73.6932,-19.2307,216.0477,,,,,,,,,,,73.6582,-18.8159,11.8910,-4.0979,-3.9772,-0.1287,214.4741,0.2893,1.7060,0.4163
12.3630,T000001,veh1,seg2,position+velocity,73.6932,-19.2307,216.0477,,,,,,,73.6364,-19.8099,71.4287,216.2875,73.6547,-19.0842,11.8093,-5.4461,-4.2086,-3.5937,214.7424,0.2485,1.5276,0.1515
12.3759,T000001,veh1,seg2,prediction_only,73.8481,-19.4138,216.2875,,,,,,,,,,,73.8073,-19.1551,11.7548,-5.4927,-4.2086,-3.5937,214.9107,0.2653,1.5958,0.2619
12.3889,T000001,veh1,seg2,prediction_only,74.0910,-19.2022,216.6097,,,,,,,,,,,73.9592,-19.2265,11.7002,-5.5393,-4.2086,-3.5937,215.0786,0.2831,1.6657,0.1340
12.4018,T000001,veh1,seg2,prediction_only,74.2508,-19.3307,216.8148,,,,,,,,,,,74.1105,-19.2986,11.6457,-5.5858,-4.2086,-3.5937,215.2461,0.3020,1.7375,0.1440
12.4028,T000001,veh1,seg2,position+velocity,74.2508,-19.3307,216.8148,,,,,,,74.1574,-20.1214,71.9937,217.4260,74.1331,-19.5417,11.7029,-6.7716,-4.0473,-6.5675,215.4902,0.2552,1.5365,0.2416
12.4157,T000001,veh1,seg2,prediction_only,74.4515,-19.2998,217.0179,,,,,,,,,,,74.2844,-19.6300,11.6504,-6.8567,-4.0473,-6.5675,215.6654,0.2720,1.6042,0.3701
12.4287,T000001,veh1,seg2,prediction_only,74.5850,-19.4376,217.2097,,,,,,,,,,,74.4349,-19.7193,11.5980,-6.9418,-4.0473,-6.5675,215.8405,0.2900,1.6736,0.3192
12.4400,T000001,veh1,seg2,position+velocity,74.7270,-19.6007,217.4260,,,,,,,74.8510,-19.5289,72.5217,217.6276,74.6471,-19.7091,11.9614,-6.5434,-3.0055,-5.2967,216.0529,0.2616,1.5485,0.1347
12.4529,T000001,veh1,seg2,prediction_only,74.9285,-19.5978,217.6276,,,,,,,,,,,74.8018,-19.7944,11.9225,-6.6121,-3.0055,-5.2967,216.2295,0.2787,1.6161,0.2339
12.4659,T000001,veh1,seg2,prediction_only,75.1288,-19.5565,217.8321,,,,,,,,,,,74.9560,-19.8805,11.8835,-6.6807,-3.0055,-5.2967,216.4061,0.2967,1.6853,0.3672
12.4788,T000001,veh1,seg2,prediction_only,75.2724,-19.7342,218.0606,,,,,,,,,,,75.1097,-19.9674,11.8446,-6.7493,-3.0055,-5.2967,216.5827,0.3158,1.7565,0.2844
12.4795,T000001,veh1,seg2,position+velocity,75.2724,-19.7342,218.0606,,,,,,,75.1693,-19.1400,73.0833,217.8321,75.1291,-19.7238,11.8884,-5.5332,-2.9142,-2.2432,216.8272,0.2678,1.5590,0.1438
12.4925,T000001,veh1,seg2,prediction_only,75.4680,-19.7706,218.2595,,,,,,,,,,,75.2828,-19.7956,11.8507,-5.5622,-2.9142,-2.2432,216.9969,0.2849,1.6265,0.1868
12.5054,T000001,veh1,seg2,prediction_only,75.6075,-19.8642,218.4275,,,,,,,,,,,75.4361,-19.8679,11.8129,-5.5913,-2.9142,-2.2432,217.1664,0.3030,1.6956,0.1715
12.5176,T000001,veh1,seg2,position+velocity,75.7925,-19.8821,218.6133,,,,,,,75.8255,-20.6248,73.6237,218.6133,75.6537,-20.1582,12.1368,-6.7267,-2.0237,-5.0724,217.5292,0.2709,1.5609,0.3091
12.5306,T000001,veh1,seg2,prediction_only,76.0476,-19.6650,218.9483,,,,,,,,,,,75.8107,-20.2458,12.1105,-6.7924,-2.0237,-5.0724,217.7090,0.2879,1.6282,0.6272
12.5435,T000001,veh1,seg2,prediction_only,76.1985,-19.8184,219.1635,,,,,,,,,,,75.9675,-20.3342,12.0843,-6.8581,-2.0237,-5.0724,217.8890,0.3060,1.6973,0.5652
12.5565,T000001,veh1,seg2,prediction_only,76.3745,-19.8409,219.3409,,,,,,,,,,,76.1238,-20.4235,12.0581,-6.9238,-2.0237,-5.0724,218.0690,0.3250,1.7683,0.6342
12.5566,T000001,veh1,seg2,position+velocity,76.3745,-19.8409,219.3409,,,,,,,76.8821,-19.3119,74.1777,219.9459,76.3840,-20.0276,13.2917,-4.9876,1.0054,-0.2130,218.5428,0.2667,1.5386,0.1869
12.5696,T000001,veh1,seg2,prediction_only,76.5592,-19.9120,219.5387,,,,,,,,,,,76.5563,-20.0922,13.3048,-4.9904,1.0054,-0.2130,218.7268,0.2833,1.6054,0.1803
12.5825,T000001,veh1,seg2,prediction_only,76.7126,-20.0593,219.7514,,,,,,,,,,,76.7288,-20.1569,13.3178,-4.9931,1.0054,-0.2130,218.9109,0.3009,1.6741,0.0990
12.5941,T000001,veh1,seg2,position+velocity,76.8899,-19.9793,219.9459,,,,,,,76.4941,-19.7359,74.7113,219.3409,76.7427,-20.0707,12.6293,-4.3448,-0.7929,1.2963,218.9982,0.2627,1.5252,0.1733
12.6071,T000001,veh1,seg2,prediction_only,77.0855,-20.0116,220.1442,,,,,,,,,,,76.9062,-20.1269,12.6190,-4.3280,-0.7929,1.2963,219.1711,0.2789,1.5921,0.2132
12.6200,T000001,veh1,seg2,prediction_only,77.2320,-20.1010,220.3158,,,,,,,,,,,77.0696,-20.1829,12.6088,-4.3112,-0.7929,1.2963,219.3439,0.2962,1.6606,0.1819
12.6324,T000001,veh1,seg2,position+velocity,77.3937,-20.2130,220.5125,,,,,,,77.6794,-20.2838,75.2571,220.7440,77.3703,-20.2577,13.3081,-4.4169,0.9966,0.9507,219.6537,0.2640,1.5368,0.0504
12.6453,T000001,veh1,seg2,prediction_only,77.6226,-20.1779,220.7440,,,,,,,,,,,77.5428,-20.3148,13.3211,-4.4046,0.9966,0.9507,219.8354,0.2803,1.6041,0.1584
12.6583,T000001,veh1,seg2,prediction_only,77.8550,-20.0158,221.0274,,,,,,,,,,,77.7155,-20.3718,13.3340,-4.3923,0.9966,0.9507,220.0172,0.2977,1.6731,0.3823
12.6712,T000001,veh1,seg2,prediction_only,78.0695,-19.9196,221.2625,,,,,,,,,,,77.8883,-20.4286,13.3469,-4.3800,0.9966,0.9507,220.1992,0.3161,1.7441,0.5403
12.6731,T000001,veh1,seg2,position+velocity,78.0695,-19.9196,221.2625,,,,,,,78.0053,-19.5828,75.8399,221.2625,77.9428,-20.0822,13.4662,-2.6682,1.2277,5.2086,220.5498,0.2486,1.4866,0.2061
12.6861,T000001,veh1,seg2,prediction_only,78.2527,-20.0044,221.4644,,,,,,,,,,,78.1174,-20.1163,13.4821,-2.6007,1.2277,5.2086,220.7277,0.2640,1.5530,0.1756
12.6990,T000001,veh1,seg2,prediction_only,78.4530,-19.9691,221.6678,,,,,,,,,,,78.2921,-20.1496,13.4980,-2.5332,1.2277,5.2086,220.9056,0.2804,1.6212,0.2417
12.7120,T000001,veh1,seg2,prediction_only,78.5898,-20.1877,221.9257,,,,,,,,,,,78.4671,-20.1820,13.5139,-2.4657,1.2277,5.2086,221.0835,0.2979,1.6913,0.1228
12.7128,T000001,veh1,seg2,position+velocity,78.5898,-20.1877,221.9257,,,,,,,78.9016,-20.1594,76.4102,222.1232,78.6265,-20.1874,14.2305,-2.5135,3.0149,4.9911,221.2430,0.2443,1.4867,0.0367
12.7258,T000001,veh1,seg2,prediction_only,78.7871,-20.1970,222.1232,,,,,,,,,,,78.8111,-20.2195,14.2695,-2.4488,3.0149,4.9911,221.4304,0.2596,1.5533,0.0328
12.7388,T000001,veh1,seg2,prediction_only,78.9349,-20.3638,222.3460,,,,,,,,,,,78.9962,-20.2508,14.3086,-2.3841,3.0149,4.9911,221.6181,0.2760,1.6218,0.1286
12.7515,T000001,veh1,seg2,position+velocity,79.0911,-20.4739,222.5372,,,,,,,78.2666,-20.8730,76.9665,221.9257,78.8894,-20.4657,12.8957,-3.2374,-0.6990,2.6655,221.8582,0.2464,1.5095,0.2019
12.7645,T000001,veh1,seg2,prediction_only,79.2501,-20.6551,222.7782,,,,,,,,,,,79.0564,-20.5075,12.8867,-3.2028,-0.6990,2.6655,222.0303,0.2620,1.5768,0.2436
12.7774,T000001,veh1,seg2,prediction_only,79.4583,-20.5995,222.9937,,,,,,,,,,,79.2232,-20.5487,12.8776,-3.1683,-0.6990,2.6655,222.2022,0.2788,1.6458,0.2405
12.7904,T000001,veh1,seg2,prediction_only,79.6071,-20.7759,223.2245,,,,,,,,,,,79.3900,-20.5895,12.8686,-3.1338,-0.6990,2.6655,222.3739,0.2967,1.7166,0.2861
12.7914,T000001,veh1,seg2,position+velocity,79.6071,-20.7759,223.2245,,,,,,,79.8174,-22.0084,77.5409,223.4270,79.5347,-20.9914,13.5640,-5.0990,1.1472,-2.2717,222.8010,0.2545,1.5493,0.2272
12.8043,T000001,veh1,seg2,prediction_only,79.8088,-20.7938,223.4270,,,,,,,,,,,79.7105,-21.0576,13.5789,-5.1284,1.1472,-2.2717,222.9889,0.2708,1.6172,0.2815
12.8173,T000001,veh1,seg2,prediction_only,80.0293,-20.6945,223.6688,,,,,,,,,,,79.8865,-21.1242,13.5937,-5.1578,1.1472,-2.2717,223.1771,0.2882,1.6868,0.4528
12.8302,T000001,veh1,seg2,prediction_only,80.2020,-20.7705,223.8575,,,,,,,,,,,80.0627,-21.1912,13.6086,-5.1873,1.1472,-2.2717,223.3656,0.3067,1.7582,0.4432
12.8311,T000001,veh1,seg2,position+velocity,80.2020,-20.7705,223.8575,,,,,,,80.8346,-20.8219,78.1162,224.5464,80.3201,-21.0482,14.8138,-4.3862,4.1419,-0.0989,223.6600,0.2555,1.5534,0.3018
12.8441,T000001,veh1,seg2,prediction_only,80.4502,-20.6026,224.1572,,,,,,,,,,,80.5124,-21.1051,14.8674,-4.3874,4.1419,-0.0989,223.8605,0.2719,1.6211,0.5063
12.8570,T000001,veh1,seg2,prediction_only,80.6139,-20.7215,224.3595,,,,,,,,,,,80.7053,-21.1619,14.9211,-4.3887,4.1419,-0.0989,224.0617,0.2894,1.6905,0.4498
12.8700,T000001,veh1,seg2,prediction_only,80.7974,-20.7572,224.5464,,,,,,,,,,,80.8990,-21.2188,14.9747,-4.3900,4.1419,-0.0989,224.2635,0.3079,1.7617,0.4727
12.8707,T000001,veh1,seg2,position+velocity,80.7974,-20.7572,224.5464,,,,,,,80.5624,-20.7275,78.6900,224.3595,80.7695,-21.0464,14.2397,-3.5303,2.2050,2.0225,224.4790,0.2499,1.5306,0.2906
12.8837,T000001,veh1,seg2,prediction_only,80.9664,-20.9103,224.7745,,,,,,,,,,,80.9541,-21.0920,14.2683,-3.5041,2.2050,2.0225,224.6692,0.2659,1.5975,0.1822
12.8966,T000001,veh1,seg2,prediction_only,81.1859,-20.8105,225.0156,,,,,,,,,,,81.1392,-21.1372,14.2969,-3.4779,2.2050,2.0225,224.8597,0.2830,1.6662,0.3301
12.9096,T000001,veh1,seg2,prediction_only,81.3955,-20.7466,225.2347,,,,,,,,,,,81.3246,-21.1821,14.3254,-3.4517,2.2050,2.0225,225.0504,0.3013,1.7367,0.4413
12.9105,T000001,veh1,seg2,position+velocity,81.3955,-20.7466,225.2347,,,,,,,82.0077,-20.6206,79.2671,225.8634,81.6057,-20.9719,15.6917,-2.4074,5.6699,4.5823,225.4015,0.2399,1.4938,0.3082
12.9234,T000001,veh1,seg2,prediction_only,81.5770,-20.8543,225.4457,,,,,,,,,,,81.8094,-21.0027,15.7652,-2.3481,5.6699,4.5823,225.6075,0.2553,1.5598,0.2758
12.9364,T000001,veh1,seg2,prediction_only,81.7844,-20.8004,225.6601,,,,,,,,,,,82.0142,-21.0328,15.8386,-2.2887,5.6699,4.5823,225.8144,0.2719,1.6276,0.3267
12.9493,T000001,veh1,seg2,prediction_only,81.9857,-20.7716,225.8634,,,,,,,,,,,82.2198,-21.0620,15.9121,-2.2293,5.6699,4.5823,226.0222,0.2895,1.6974,0.3730
12.9502,T000001,veh1,seg2,position+velocity,81.9857,-20.7716,225.8634,,,,,,,81.0014,-21.0074,79.8453,224.7745,81.7264,-21.0506,13.3123,-2.1897,-0.9968,4.6018,226.5157,0.2287,1.4572,0.3809
12.9631,T000001,veh1,seg2,prediction_only,82.1553,-20.9162,226.0863,,,,,,,,,,,81.8988,-21.0786,13.2994,-2.1301,-0.9968,4.6018,226.6903,0.2435,1.5226,0.3035
12.9761,T000001,veh1,seg2,prediction_only,82.3113,-21.0189,226.2730,,,,,,,,,,,82.0710,-21.1058,13.2865,-2.0705,-0.9968,4.6018,226.8646,0.2595,1.5897,0.2555
12.9872,T000001,veh1,seg2,position+velocity,82.4916,-20.9759,226.4585,,,,,,,81.7920,-20.4699,80.3860,225.6601,82.0838,-20.8956,12.6364,-0.8251,-2.5020,7.6417,227.0752,0.2233,1.4469,0.4157
13.0002,T000001,veh1,seg2,prediction_only,82.7139,-20.9179,226.6881,,,,,,,,,,,82.2473,-20.9057,12.6040,-0.7261,-2.5020,7.6417,227.2390,0.2380,1.5123,0.4668
13.0131,T000001,veh1,seg2,prediction_only,82.8662,-21.0818,226.9119,,,,,,,,,,,82.4103,-20.9144,12.5716,-0.6271,-2.5020,7.6417,227.4023,0.2539,1.5795,0.4857
13.0261,T000001,veh1,seg2,prediction_only,83.0579,-21.0964,227.1041,,,,,,,,,,,82.5730,-20.9219,12.5392,-0.5282,-2.5020,7.6417,227.5652,0.2709,1.6487,0.5154
13.0268,T000001,veh1,seg2,position+velocity,83.0579,-21.0964,227.1041,,,,,,,83.1110,-21.0780,80.9645,227.1041,82.7785,-20.9887,13.5905,-0.9055,0.2698,6.5748,227.7813,0.2211,1.4460,0.2995
13.0397,T000001,veh1,seg2,prediction_only,83.2161,-21.2889,227.3533,,,,,,,,,,,82.9546,-20.9998,13.5940,-0.8204,0.2698,6.5748,227.9577,0.2359,1.5115,0.3898
13.0527,T000001,veh1,seg2,prediction_only,83.4074,-21.3069,227.5454,,,,,,,,,,,83.1307,-21.0099,13.5975,-0.7352,0.2698,6.5748,228.1341,0.2518,1.5788,0.4059
13.0656,T000001,veh1,seg2,prediction_only,83.5642,-21.4573,227.7627,,,,,,,,,,,83.3069,-21.0189,13.6010,-0.6500,0.2698,6.5748,228.3105,0.2689,1.6481,0.5084
13.0663,T000001,veh1,seg2,position+velocity,83.5642,-21.4573,227.7627,,,,,,,83.6226,-20.6656,81.5440,227.5454,83.4026,-20.9092,14.0346,-0.0587,1.3437,8.1095,228.4561,0.2276,1.4759,0.5714
13.0804,T000001,veh1,seg2,position+velocity,83.7642,-21.5054,227.9685,,,,83.2766,-21.7241,227.7627,,,,,83.6261,-20.9607,14.0076,-0.2542,1.2307,7.1206,228.6854,0.2392,1.5020,0.5620
13.0933,T000001,veh1,seg2,prediction_only,83.9708,-21.4706,228.1779,,,,,,,,,,,83.8077,-20.9634,14.0235,-0.1619,1.2307,7.1206,228.8670,0.2552,1.5682,0.5328
13.1062,T000001,veh1,seg2,position+velocity,84.1553,-21.5095,228.3665,,,,,,,83.9336,-21.5138,82.1298,228.1779,83.9662,-21.1527,13.9073,-1.0678,0.8587,4.5096,229.1139,0.2259,1.4469,0.4038
13.1192,T000001,veh1,seg2,prediction_only,84.3385,-21.5798,228.5627,,,,,,,,,,,84.1464,-21.1662,13.9184,-1.0094,0.8587,4.5096,229.2946,0.2410,1.5126,0.4560
13.1321,T000001,veh1,seg2,prediction_only,84.5049,-21.6964,228.7659,,,,,,,,,,,84.3268,-21.1789,13.9295,-0.9510,0.8587,4.5096,229.4755,0.2572,1.5805,0.5473
13.1451,T000001,veh1,seg2,prediction_only,84.6630,-21.8669,228.9984,,,,,,,,,,,84.5073,-21.1908,13.9407,-0.8926,0.8587,4.5096,229.6564,0.2744,1.6505,0.6938
13.1457,T000001,veh1,seg2,position+velocity,84.6630,-21.8669,228.9984,,,,,,,84.7331,-21.7007,82.7098,228.9984,84.5789,-21.3312,14.2752,-1.5977,1.7274,2.7313,229.8140,0.2347,1.4850,0.5423
13.1586,T000001,veh1,seg2,prediction_only,84.8116,-22.1100,229.2833,,,,,,,,,,,84.7640,-21.3517,14.2975,-1.5624,1.7274,2.7313,230.0002,0.2505,1.5525,0.7598
13.1716,T000001,veh1,seg2,prediction_only,84.9476,-22.3479,229.5573,,,,,,,,,,,84.9493,-21.3717,14.3199,-1.5270,1.7274,2.7313,230.1866,0.2673,1.6219,0.9762
13.1845,T000001,veh1,seg2,prediction_only,85.1015,-22.5120,229.7823,,,,,,,,,,,85.1350,-21.3912,14.3423,-1.4916,1.7274,2.7313,230.3733,0.2851,1.6935,1.1213
13.1853,T000001,veh1,seg2,position+velocity,85.1015,-22.5120,229.7823,,,,84.7441,-23.4951,229.7823,85.3593,-23.1288,83.2936,230.4549,85.1730,-21.8279,14.4791,-3.7171,2.0618,-2.9607,230.8116,0.2461,1.5058,0.6878
13.1982,T000001,veh1,seg2,prediction_only,85.3035,-22.5430,229.9867,,,,,,,,,,,85.3607,-21.8763,14.5058,-3.7554,2.0618,-2.9607,231.0055,0.2622,1.5732,0.6692
13.2112,T000001,veh1,seg2,prediction_only,85.4850,-22.5332,230.1685,,,,,,,,,,,85.5488,-21.9252,14.5325,-3.7938,2.0618,-2.9607,231.1998,0.2794,1.6425,0.6113
13.2238,T000001,veh1,seg2,position+velocity,85.6189,-22.7864,230.4549,,,,,,,85.6579,-22.8809,83.8626,230.4549,85.7136,-22.1461,14.4568,-4.6551,1.7861,-4.9318,231.4754,0.2657,1.5822,0.6473
13.2367,T000001,veh1,seg2,prediction_only,85.8597,-22.6658,230.7242,,,,,,,,,,,85.9010,-22.2068,14.4799,-4.7190,1.7861,-4.9318,231.6724,0.2830,1.6515,0.4608
13.2497,T000001,veh1,seg2,prediction_only,86.0393,-22.7367,230.9173,,,,,,,,,,,86.0887,-22.2684,14.5031,-4.7829,1.7861,-4.9318,231.8700,0.3013,1.7226,0.4710
13.2627,T000001,veh1,seg2,prediction_only,86.2306,-22.7588,231.1099,,,,,,,,,,,86.2768,-22.3307,14.5262,-4.8468,1.7861,-4.9318,232.0681,0.3207,1.7957,0.4305
13.2634,T000001,veh1,seg2,position+velocity,86.2306,-22.7588,231.1099,,,,,,,86.6754,-22.1483,84.4487,231.5033,86.3931,-22.2696,15.0524,-4.4977,3.1114,-3.9635,232.1996,0.2781,1.6207,0.5155
13.2764,T000001,veh1,seg2,prediction_only,86.4285,-22.8029,231.3127,,,,,,,,,,,86.5884,-22.3282,15.0927,-4.5491,3.1114,-3.9635,232.4034,0.2959,1.6907,0.5009
13.2893,T000001,veh1,seg2,prediction_only,86.6144,-22.8450,231.5033,,,,,,,,,,,86.7842,-22.3874,15.1330,-4.6004,3.1114,-3.9635,232.6080,0.3147,1.7624,0.4880
13.3023,T000001,veh1,seg2,prediction_only,86.8100,-22.8676,231.7002,,,,,,,,,,,86.9805,-22.4474,15.1733,-4.6518,3.1114,-3.9635,232.8132,0.3346,1.8361,0.4535
13.3031,T000001,veh1,seg2,position+velocity,86.8100,-22.8676,231.7002,,,,,,,86.4596,-22.2185,85.0371,231.3127,86.8308,-22.3856,14.3726,-4.3407,1.0831,-3.1964,232.9751,0.2860,1.6389,0.4825
13.3161,T000001,veh1,seg2,prediction_only,87.0183,-22.8759,231.9086,,,,,,,,,,,87.0171,-22.4421,14.3867,-4.3821,1.0831,-3.1964,233.1698,0.3039,1.7091,0.4338
13.3290,T000001,veh1,seg2,prediction_only,87.2089,-22.9058,232.1015,,,,,,,,,,,87.2036,-22.4991,14.4007,-4.4235,1.0831,-3.1964,233.3648,0.3229,1.7809,0.4067
13.3420,T000001,veh1,seg2,prediction_only,87.3944,-22.9535,232.2931,,,,,,,,,,,87.3902,-22.5567,14.4147,-4.4650,1.0831,-3.1964,233.5601,0.3430,1.8546,0.3968
13.3427,T000001,veh1,seg2,position+velocity,87.3944,-22.9535,232.2931,,,,,,,87.0321,-22.9830,85.6247,231.9086,87.2932,-22.6963,13.9190,-5.1292,-0.0915,-4.8434,233.7301,0.2889,1.6399,0.2764
13.3556,T000001,veh1,seg2,prediction_only,87.6345,-22.8446,232.5568,,,,,,,,,,,87.4735,-22.7631,13.9178,-5.1919,-0.0915,-4.8434,233.9224,0.3067,1.7097,0.1804
13.3686,T000001,veh1,seg2,prediction_only,87.8012,-22.8545,232.7238,,,,,,,,,,,87.6538,-22.8308,13.9166,-5.2546,-0.0915,-4.8434,234.1150,0.3256,1.7813,0.1493
13.3805,T000001,veh1,seg2,position+velocity,87.9637,-22.9939,232.9378,,,,,,,87.8618,-22.9269,86.1864,232.7238,87.8389,-22.8981,14.0236,-5.3192,0.2057,-4.8235,234.3119,0.2850,1.6207,0.1573
13.3934,T000001,veh1,seg2,prediction_only,88.1836,-22.9638,233.1597,,,,,,,,,,,88.0206,-22.9674,14.0263,-5.3817,0.2057,-4.8235,234.5064,0.3025,1.6901,0.1630
13.4064,T000001,veh1,seg2,prediction_only,88.3535,-23.0409,233.3463,,,,,,,,,,,88.2023,-23.0376,14.0290,-5.4442,0.2057,-4.8235,234.7012,0.3210,1.7611,0.1512
13.4193,T000001,veh1,seg2,prediction_only,88.5482,-23.0509,233.5413,,,,,,,,,,,88.3840,-23.1085,14.0316,-5.5067,0.2057,-4.8235,234.8963,0.3405,1.8341,0.1740
13.4194,T000001,veh1,seg2,position+velocity,88.5482,-23.0509,233.5413,,,,,,,88.5774,-22.9387,86.7670,233.5413,88.4512,-23.0496,14.3401,-5.2241,0.9540,-4.1288,234.9856,0.2798,1.6024,0.0970
13.4324,T000001,veh1,seg2,prediction_only,88.8102,-22.8476,233.8730,,,,,,,,,,,88.6371,-23.1176,14.3525,-5.2775,0.9540,-4.1288,235.1835,0.2968,1.6714,0.3208
13.4453,T000001,veh1,seg2,prediction_only,88.9594,-22.9564,234.0576,,,,,,,,,,,88.8231,-23.1864,14.3648,-5.3310,0.9540,-4.1288,235.3818,0.3149,1.7420,0.2673
13.4566,T000001,veh1,seg2,position+velocity,89.1429,-22.9619,234.2412,,,,,,,88.5432,-22.4521,87.3214,233.8730,88.8142,-22.9475,13.5586,-3.9684,-1.0616,-0.7052,235.6208,0.2652,1.5565,0.3290
13.4696,T000001,veh1,seg2,prediction_only,89.3677,-22.9436,234.4667,,,,,,,,,,,88.9898,-22.9990,13.5448,-3.9775,-1.0616,-0.7052,235.8037,0.2814,1.6248,0.3820
13.4825,T000001,veh1,seg2,prediction_only,89.5476,-23.0257,234.6645,,,,,,,,,,,89.1651,-23.0506,13.5311,-3.9866,-1.0616,-0.7052,235.9865,0.2987,1.6947,0.3833
13.4955,T000001,veh1,seg2,prediction_only,89.7247,-23.1126,234.8618,,,,,,,,,,,89.3403,-23.1023,13.5173,-3.9958,-1.0616,-0.7052,236.1692,0.3170,1.7666,0.3845
13.4968,T000001,veh1,seg2,position+velocity,89.7247,-23.1126,234.8618,,,,,,,89.5536,-23.2359,87.9224,234.6645,89.4361,-23.1664,13.9075,-4.3152,-0.0473,-1.5769,236.2845,0.2587,1.5473,0.2936
13.5098,T000001,veh1,seg2,prediction_only,89.9160,-23.1905,235.0683,,,,,,,,,,,89.6163,-23.2225,13.9069,-4.3357,-0.0473,-1.5769,236.4732,0.2747,1.6155,0.3014
13.5227,T000001,veh1,seg2,prediction_only,90.1291,-23.1261,235.2909,,,,,,,,,,,89.7965,-23.2788,13.9063,-4.3561,-0.0473,-1.5769,236.6619,0.2917,1.6854,0.3660
13.5357,T000001,veh1,seg2,prediction_only,90.3503,-23.0362,235.5297,,,,,,,,,,,89.9766,-23.3353,13.9056,-4.3765,-0.0473,-1.5769,236.8508,0.3099,1.7572,0.4787
13.5361,T000001,veh1,seg2,position+velocity,90.3503,-23.0362,235.5297,,,,,,,90.9952,-23.1832,88.5100,236.1281,90.3853,-23.2736,15.8619,-4.0609,4.8076,-0.7745,237.2641,0.2445,1.5110,0.2399
13.5491,T000001,veh1,seg2,prediction_only,90.5435,-23.1091,235.7361,,,,,,,,,,,90.5912,-23.3262,15.9242,-4.0709,4.8076,-0.7745,237.4767,0.2598,1.5786,0.2223
13.5620,T000001,veh1,seg2,prediction_only,90.7233,-23.1891,235.9330,,,,,,,,,,,90.7979,-23.3790,15.9865,-4.0810,4.8076,-0.7745,237.6900,0.2762,1.6479,0.2040
13.5750,T000001,veh1,seg2,prediction_only,90.9139,-23.2309,236.1281,,,,,,,,,,,91.0054,-23.4320,16.0488,-4.0910,4.8076,-0.7745,237.9041,0.2938,1.7191,0.2209
13.5758,T000001,veh1,seg2,position+velocity,90.9139,-23.2309,236.1281,,,,,,,89.9213,-22.5534,89.1041,234.8618,90.6029,-23.1157,13.9277,-2.5037,-0.6753,3.2225,238.4161,0.2387,1.5078,0.3317
13.5887,T000001,veh1,seg2,prediction_only,91.0929,-23.3671,236.3530,,,,,,,,,,,90.7833,-23.1479,13.9190,-2.4619,-0.6753,3.2225,238.5993,0.2539,1.5754,0.3794
13.6017,T000001,veh1,seg2,prediction_only,91.2901,-23.3802,236.5506,,,,,,,,,,,90.9635,-23.1795,13.9102,-2.4202,-0.6753,3.2225,238.7823,0.2703,1.6446,0.3833
13.6146,T000001,veh1,seg2,prediction_only,91.4169,-23.6647,236.8622,,,,,,,,,,,91.1437,-23.2106,13.9015,-2.3785,-0.6753,3.2225,238.9651,0.2879,1.7158,0.5300
13.6154,T000001,veh1,seg2,position+velocity,91.4169,-23.6647,236.8622,,,,,,,90.3330,-23.0010,89.6985,235.5297,90.9267,-23.1621,12.7890,-2.1573,-3.4117,3.7002,239.1874,0.2456,1.5481,0.7021
13.6283,T000001,veh1,seg2,prediction_only,91.5687,-23.9179,237.1573,,,,,,,,,,,91.0921,-23.1897,12.7448,-2.1093,-3.4117,3.7002,239.3551,0.2616,1.6163,0.8703
13.6413,T000001,veh1,seg2,prediction_only,91.7990,-23.7987,237.4166,,,,,,,,,,,91.2569,-23.2167,12.7006,-2.0614,-3.4117,3.7002,239.5221,0.2788,1.6862,0.7953
13.6542,T000001,veh1,seg2,prediction_only,91.9667,-23.9355,237.6330,,,,,,,,,,,91.4212,-23.2431,12.6564,-2.0135,-3.4117,3.7002,239.6885,0.2971,1.7579,0.8814
13.6553,T000001,veh1,seg2,position+velocity,91.9667,-23.9355,237.6330,,,,,,,91.7022,-23.9943,90.2980,237.1573,91.5233,-23.4624,13.1433,-3.1299,-2.0917,0.8364,239.9304,0.2554,1.5879,0.6484
13.6682,T000001,veh1,seg2,prediction_only,92.1995,-23.8614,237.8774,,,,,,,,,,,91.6934,-23.5029,13.1162,-3.1191,-2.0917,0.8364,240.1052,0.2722,1.6565,0.6202
13.6812,T000001,veh1,seg2,prediction_only,92.3940,-23.8472,238.0724,,,,,,,,,,,91.8631,-23.5432,13.0891,-3.1082,-2.0917,0.8364,240.2797,0.2901,1.7268,0.6118
13.6941,T000001,veh1,seg2,prediction_only,92.5753,-23.9237,238.2692,,,,,,,,,,,92.0325,-23.5834,13.0620,-3.0974,-2.0917,0.8364,240.4538,0.3091,1.7989,0.6407
13.6943,T000001,veh1,seg2,position+velocity,92.5753,-23.9237,238.2692,,,,,,,92.4086,-24.8163,90.8850,238.2692,92.1541,-23.9793,13.6590,-5.0749,-0.6155,-4.0590,240.8679,0.2566,1.5844,0.4248
13.7072,T000001,veh1,seg2,prediction_only,92.7946,-23.8137,238.5145,,,,,,,,,,,92.3310,-24.0454,13.6510,-5.1275,-0.6155,-4.0590,241.0568,0.2734,1.6524,0.5182
13.7202,T000001,veh1,seg2,prediction_only,93.0061,-23.7764,238.7293,,,,,,,,,,,92.5078,-24.1121,13.6430,-5.1800,-0.6155,-4.0590,241.2457,0.2913,1.7221,0.6008
13.7326,T000001,veh1,seg2,position+velocity,93.1501,-24.0024,238.9973,,,,,,,93.5070,-24.3011,91.4615,239.4266,92.9561,-24.1995,15.0348,-5.2920,2.8397,-4.0920,241.7024,0.2542,1.5664,0.2766
13.7455,T000001,veh1,seg2,prediction_only,93.3622,-24.0234,239.2104,,,,,,,,,,,93.1511,-24.2684,15.0716,-5.3450,2.8397,-4.0920,241.9093,0.2708,1.6337,0.3234
13.7585,T000001,veh1,seg2,prediction_only,93.5299,-24.1599,239.4266,,,,,,,,,,,93.3466,-24.3379,15.1084,-5.3980,2.8397,-4.0920,242.1168,0.2884,1.7027,0.2556
13.7714,T000001,veh1,seg2,prediction_only,93.7580,-24.0543,239.6780,,,,,,,,,,,93.5426,-24.4082,15.1452,-5.4510,2.8397,-4.0920,242.3250,0.3072,1.7736,0.4143
13.7725,T000001,veh1,seg2,position+velocity,93.7580,-24.0543,239.6780,,,,,,,93.2728,-25.0917,92.0635,239.4266,93.4399,-24.6588,14.5098,-6.6844,1.1615,-7.1338,242.5958,0.2500,1.5418,0.6831
13.7854,T000001,veh1,seg2,prediction_only,93.9481,-24.1432,239.8878,,,,,,,,,,,93.6280,-24.7460,14.5249,-6.7768,1.1615,-7.1338,242.8031,0.2662,1.6084,0.6826
13.7984,T000001,veh1,seg2,prediction_only,94.1566,-24.1259,240.0970,,,,,,,,,,,93.8162,-24.8344,14.5399,-6.8692,1.1615,-7.1338,243.0111,0.2835,1.6767,0.7861
13.8113,T000001,veh1,seg2,prediction_only,94.3135,-24.2965,240.3288,,,,,,,,,,,94.0047,-24.9240,14.5550,-6.9616,1.1615,-7.1338,243.2197,0.3019,1.7470,0.6993
13.8121,T000001,veh1,seg2,position+velocity,94.3135,-24.2965,240.3288,,,,,,,94.5283,-24.0426,92.6614,240.5360,94.1912,-24.6216,15.4534,-5.3877,3.4190,-3.1404,243.5750,0.2505,1.5398,0.3473
13.8250,T000001,veh1,seg2,prediction_only,94.5141,-24.3486,240.5360,,,,,,,,,,,94.3917,-24.6917,15.4977,-5.4284,3.4190,-3.1404,243.7874,0.2668,1.6063,0.3642
13.8380,T000001,veh1,seg2,prediction_only,94.6450,-24.6264,240.8431,,,,,,,,,,,94.5927,-24.7622,15.5420,-5.4691,3.4190,-3.1404,244.0005,0.2841,1.6746,0.1456
13.8509,T000001,veh1,seg2,prediction_only,94.8228,-24.7194,241.0438,,,,,,,,,,,94.7944,-24.8334,15.5863,-5.5098,3.4190,-3.1404,244.2143,0.3025,1.7448,0.1174
13.8516,T000001,veh1,seg2,position+velocity,94.8228,-24.7194,241.0438,,,,,,,94.8376,-24.1064,93.2592,240.5360,94.8070,-24.6432,15.5821,-4.5681,3.3620,-0.8658,244.4049,0.2602,1.5730,0.0779
13.8645,T000001,veh1,seg2,prediction_only,95.0223,-24.7763,241.2512,,,,,,,,,,,95.0092,-24.7024,15.6256,-4.5793,3.3620,-0.8658,244.6155,0.2770,1.6401,0.0750
13.8775,T000001,veh1,seg2,prediction_only,95.2171,-24.8064,241.4484,,,,,,,,,,,95.2119,-24.7618,15.6692,-4.5906,3.3620,-0.8658,244.8268,0.2949,1.7090,0.0449
13.8899,T000001,veh1,seg2,position+velocity,95.4376,-24.6555,241.7156,,,,,,,94.8790,-24.5106,93.8393,241.0438,95.2293,-24.7280,14.8261,-4.1809,1.1734,0.0976,244.8648,0.2589,1.5593,0.2205
13.9029,T000001,veh1,seg2,prediction_only,95.5942,-24.8775,241.9873,,,,,,,,,,,95.4215,-24.7822,14.8413,-4.1796,1.1734,0.0976,245.0645,0.2755,1.6261,0.1972
13.9158,T000001,veh1,seg2,prediction_only,95.7578,-25.0353,242.2145,,,,,,,,,,,95.6139,-24.8363,14.8565,-4.1783,1.1734,0.0976,245.2643,0.2931,1.6947,0.2456
13.9288,T000001,veh1,seg2,prediction_only,95.9260,-25.1746,242.4330,,,,,,,,,,,95.8064,-24.8904,14.8717,-4.1771,1.1734,0.0976,245.4643,0.3119,1.7651,0.3083
13.9296,T000001,veh1,seg2,position+velocity,95.9260,-25.1746,242.4330,,,,,,,96.5387,-25.0185,94.4405,242.6299,96.0164,-24.9311,15.8685,-4.3719,3.6637,-0.4059,245.6782,0.2712,1.6008,0.2597
13.9425,T000001,veh1,seg2,prediction_only,96.1221,-25.1925,242.6299,,,,,,,,,,,96.2223,-24.9878,15.9160,-4.3771,3.6637,-0.4059,245.8917,0.2885,1.6685,0.2279
13.9555,T000001,veh1,seg2,prediction_only,96.2697,-25.4070,242.8903,,,,,,,,,,,96.4288,-25.0446,15.9634,-4.3824,3.6637,-0.4059,246.1059,0.3068,1.7378,0.3958
13.9681,T000001,veh1,seg2,position+velocity,96.4319,-25.5593,243.1128,,,,,,,96.0148,-25.3809,95.0256,242.6299,96.4728,-25.1664,15.2175,-4.7082,1.6841,-1.1801,246.2355,0.2863,1.6488,0.3949
13.9811,T000001,veh1,seg2,prediction_only,96.6291,-25.5991,243.3139,,,,,,,,,,,96.6700,-25.2275,15.2393,-4.7235,1.6841,-1.1801,246.4420,0.3043,1.7173,0.3738
13.9941,T000001,veh1,seg2,prediction_only,96.7944,-25.7330,243.5266,,,,,,,,,,,96.8676,-25.2888,15.2611,-4.7388,1.6841,-1.1801,246.6488,0.3234,1.7875,0.4502
14.0070,T000001,veh1,seg2,prediction_only,96.9289,-26.0127,243.8370,,,,,,,,,,,97.0655,-25.3503,15.2829,-4.7541,1.6841,-1.1801,246.8560,0.3435,1.8596,0.6763
14.0072,T000001,veh1,seg2,position+velocity,96.9289,-26.0127,243.8370,,,,,,,97.4008,-26.1363,95.6188,244.2561,97.1484,-25.5191,15.6802,-5.5518,2.6737,-3.0832,247.0441,0.3065,1.7116,0.5402
14.0202,T000001,veh1,seg2,prediction_only,97.1205,-26.1014,244.0481,,,,,,,,,,,97.3517,-25.5913,15.7148,-5.5917,2.6737,-3.0832,247.2599,0.3255,1.7812,0.5601
14.0331,T000001,veh1,seg2,prediction_only,97.3279,-26.0852,244.2561,,,,,,,,,,,97.5555,-25.6640,15.7494,-5.6317,2.6737,-3.0832,247.4763,0.3455,1.8524,0.4788
14.0461,T000001,veh1,seg2,prediction_only,97.5633,-25.9509,244.5272,,,,,,,,,,,97.7598,-25.7372,15.7841,-5.6716,2.6737,-3.0832,247.6932,0.3665,1.9254,0.2903
14.0467,T000001,veh1,seg2,position+velocity,97.5633,-25.9509,244.5272,,,,,,,97.2047,-24.8934,96.2185,243.3139,97.6096,-25.4966,15.0296,-4.5078,0.8609,-0.2679,247.9769,0.3167,1.7292,0.4567
14.0596,T000001,veh1,seg2,prediction_only,97.7812,-25.9407,244.7453,,,,,,,,,,,97.8044,-25.5550,15.0407,-4.5113,0.8609,-0.2679,248.1802,0.3358,1.7987,0.3864
14.0726,T000001,veh1,seg2,prediction_only,97.9809,-25.9522,244.9453,,,,,,,,,,,97.9993,-25.6135,15.0519,-4.5147,0.8609,-0.2679,248.3837,0.3560,1.8699,0.3392
14.0855,T000001,veh1,seg2,prediction_only,98.1852,-25.9495,245.1496,,,,,,,,,,,98.1944,-25.6720,15.0630,-4.5182,0.8609,-0.2679,248.5874,0.3773,1.9429,0.2777
14.0862,T000001,veh1,seg2,position+velocity,98.1852,-25.9495,245.1496,,,,,,,97.7723,-26.1184,96.8209,244.7453,98.0793,-25.8261,14.5033,-5.2369,-0.4050,-2.0088,248.7797,0.3182,1.7165,0.1625
14.0992,T000001,veh1,seg2,prediction_only,98.2964,-26.2309,245.4522,,,,,,,,,,,98.2672,-25.8941,14.4981,-5.2629,-0.4050,-2.0088,248.9795,0.3371,1.7855,0.3380
14.1121,T000001,veh1,seg2,prediction_only,98.5049,-26.2071,245.6621,,,,,,,,,,,98.4550,-25.9625,14.4928,-5.2889,-0.4050,-2.0088,249.1793,0.3569,1.8562,0.2496
14.1233,T000001,veh1,seg2,position+velocity,98.6618,-26.3637,245.8837,,,,,,,98.9833,-26.1065,97.3848,246.1057,98.7168,-26.0385,14.9548,-5.3787,0.6992,-2.1403,249.4520,0.3255,1.7337,0.3299
14.1362,T000001,veh1,seg2,prediction_only,98.8497,-26.4818,246.1057,,,,,,,,,,,98.9106,-26.1083,14.9638,-5.4064,0.6992,-2.1403,249.6580,0.3445,1.8031,0.3784
14.1492,T000001,veh1,seg2,prediction_only,99.0307,-26.5698,246.3070,,,,,,,,,,,99.1045,-26.1785,14.9729,-5.4341,0.6992,-2.1403,249.8642,0.3645,1.8742,0.3982
14.1621,T000001,veh1,seg2,prediction_only,99.2234,-26.6124,246.5043,,,,,,,,,,,99.2986,-26.2491,14.9819,-5.4618,0.6992,-2.1403,250.0707,0.3856,1.9471,0.3710
14.1630,T000001,veh1,seg2,position+velocity,99.2234,-26.6124,246.5043,,,,,,,98.8979,-26.2651,97.9903,246.1057,99.1995,-26.2554,14.4740,-5.4687,-0.4913,-2.1459,250.1700,0.3366,1.7651,0.3578
14.1759,T000001,veh1,seg2,prediction_only,99.4383,-26.6198,246.7194,,,,,,,,,,,99.3869,-26.3264,14.4677,-5.4965,-0.4913,-2.1459,250.3705,0.3559,1.8351,0.2978
14.1889,T000001,veh1,seg2,prediction_only,99.6129,-26.7367,246.9295,,,,,,,,,,,99.5743,-26.3978,14.4613,-5.5243,-0.4913,-2.1459,250.5710,0.3763,1.9068,0.3410
14.2017,T000001,veh1,seg2,position+velocity,99.7657,-26.8778,247.1375,,,,,,,98.3790,-25.5268,98.5813,245.1496,99.4179,-26.2319,12.9615,-4.5093,-3.8650,0.2262,250.7991,0.3473,1.7960,0.7336
14.2147,T000001,veh1,seg2,prediction_only,99.9667,-26.9324,247.3458,,,,,,,,,,,99.5854,-26.2903,12.9114,-4.5064,-3.8650,0.2262,250.9765,0.3670,1.8666,0.7468
14.2276,T000001,veh1,seg2,prediction_only,100.1073,-27.1600,247.6133,,,,,,,,,,,99.7524,-26.3487,12.8613,-4.5034,-3.8650,0.2262,251.1534,0.3877,1.9388,0.8856
14.2399,T000001,veh1,seg2,position+velocity,100.2506,-27.3416,247.8446,,,,,,,100.0037,-28.9219,99.1654,248.1412,99.9464,-26.9653,12.9967,-6.9542,-3.3864,-5.3444,251.7998,0.3639,1.8483,0.4838
14.2529,T000001,veh1,seg2,prediction_only,100.4073,-27.5933,248.1412,,,,,,,,,,,100.1145,-27.0558,12.9528,-7.0234,-3.3864,-5.3444,251.9907,0.3842,1.9198,0.6121
14.2658,T000001,veh1,seg2,prediction_only,100.6047,-27.6235,248.3409,,,,,,,,,,,100.2820,-27.1473,12.9089,-7.0927,-3.3864,-5.3444,252.1816,0.4057,1.9929,0.5753
14.2788,T000001,veh1,seg2,prediction_only,100.7944,-27.6231,248.5305,,,,,,,,,,,100.4490,-27.2396,12.8650,-7.1619,-3.3864,-5.3444,252.3724,0.4282,2.0678,0.5161
14.2789,T000001,veh1,seg2,position+velocity,100.7944,-27.6231,248.5305,,,,,,,100.3893,-27.5451,99.7618,248.1412,100.4365,-27.2779,12.8019,-7.2718,-3.5291,-5.4673,252.4127,0.3816,1.9013,0.4972
14.2919,T000001,veh1,seg2,prediction_only,100.9948,-27.5975,248.7325,,,,,,,,,,,100.6021,-27.3726,12.7562,-7.3426,-3.5291,-5.4673,252.6034,0.4027,1.9737,0.4525
14.3049,T000001,veh1,seg2,prediction_only,101.2026,-27.5786,248.9412,,,,,,,,,,,100.7670,-27.4682,12.7105,-7.4135,-3.5291,-5.4673,252.7940,0.4248,2.0476,0.4493
14.3158,T000001,veh1,seg2,position+velocity,101.3338,-27.7884,249.1886,,,,,,,101.3201,-28.8272,100.3253,249.4115,101.0007,-27.8365,13.0733,-8.6736,-2.6454,-8.0864,253.2302,0.3935,1.9329,0.3365
14.3287,T000001,veh1,seg2,prediction_only,101.5033,-27.9330,249.4115,,,,,,,,,,,101.1698,-27.9495,13.0390,-8.7784,-2.6454,-8.0864,253.4336,0.4149,2.0057,0.3339
14.3417,T000001,veh1,seg2,prediction_only,101.6823,-27.9180,249.5911,,,,,,,,,,,101.3385,-28.0639,13.0047,-8.8831,-2.6454,-8.0864,253.6375,0.4373,2.0800,0.3735
14.3528,T000001,veh1,seg2,position+velocity,101.9132,-27.8128,249.8448,,,,,,,101.7099,-27.5429,100.8928,249.8448,101.5357,-27.9903,13.1833,-8.2268,-2.2143,-6.4003,253.8479,0.3989,1.9430,0.4171
14.3658,T000001,veh1,seg2,prediction_only,102.0897,-27.9678,250.0797,,,,,,,,,,,101.7063,-28.0974,13.1547,-8.3097,-2.2143,-6.4003,254.0494,0.4203,2.0159,0.4047
14.3787,T000001,veh1,seg2,prediction_only,102.2179,-28.1744,250.3229,,,,,,,,,,,101.8765,-28.2056,13.1260,-8.3926,-2.2143,-6.4003,254.2511,0.4428,2.0903,0.3428
14.3900,T000001,veh1,seg2,position+velocity,102.4030,-28.1953,250.5091,,,,,,,101.8664,-29.0823,101.4617,250.3229,101.9854,-28.4840,12.9403,-9.2298,-2.5703,-8.0726,254.5500,0.4104,1.9765,0.5077
14.4029,T000001,veh1,seg2,prediction_only,102.6348,-28.1621,250.7433,,,,,,,,,,,102.1528,-28.6042,12.9070,-9.3344,-2.5703,-8.0726,254.7562,0.4321,2.0499,0.6541
14.4159,T000001,veh1,seg2,prediction_only,102.8411,-28.1539,250.9497,,,,,,,,,,,102.3198,-28.7259,12.8737,-9.4390,-2.5703,-8.0726,254.9627,0.4549,2.1249,0.7739
14.4288,T000001,veh1,seg2,prediction_only,103.0156,-28.2661,251.1572,,,,,,,,,,,102.4864,-28.8488,12.8404,-9.5435,-2.5703,-8.0726,255.1698,0.4788,2.2017,0.7872
14.4298,T000001,veh1,seg2,position+velocity,103.0156,-28.2661,251.1572,,,,,,,102.0212,-29.2573,102.0729,250.3229,102.3809,-28.9485,12.3616,-9.9003,-3.5783,-8.7768,255.3149,0.4198,2.0023,0.9320
14.4428,T000001,veh1,seg2,prediction_only,103.2177,-28.3350,251.3707,,,,,,,,,,,102.5407,-29.0775,12.3153,-10.0140,-3.5783,-8.7768,255.5203,0.4417,2.0761,1.0048
14.4557,T000001,veh1,seg2,prediction_only,103.3860,-28.4710,251.5871,,,,,,,,,,,102.7000,-29.2079,12.2689,-10.1277,-3.5783,-8.7768,255.7261,0.4647,2.1515,1.0068
14.4687,T000001,veh1,seg2,prediction_only,103.5785,-28.5199,251.7858,,,,,,,,,,,102.8586,-29.3399,12.2226,-10.2414,-3.5783,-8.7768,255.9325,0.4889,2.2285,1.0911
14.4694,T000001,veh1,seg2,position+velocity,103.5785,-28.5199,251.7858,,,,,,,103.4244,-28.3483,102.6810,251.5871,103.0103,-29.0971,12.8023,-9.2335,-2.3247,-6.6131,256.2188,0.4297,2.0316,0.8099
14.4824,T000001,veh1,seg2,prediction_only,103.8022,-28.3908,252.0441,,,,,,,,,,,103.1760,-29.2173,12.7722,-9.3192,-2.3247,-6.6131,256.4234,0.4520,2.1058,1.0369
14.4953,T000001,veh1,seg2,prediction_only,103.9828,-28.4936,252.2519,,,,,,,,,,,103.3412,-29.3385,12.7421,-9.4048,-2.3247,-6.6131,256.6284,0.4753,2.1816,1.0609
14.5066,T000001,veh1,seg2,position+velocity,104.1529,-28.5771,252.4414,,,,,,,104.5524,-29.0084,103.2518,252.9075,103.7555,-29.3432,13.7821,-9.0966,-0.1185,-5.8595,257.0428,0.4310,2.0347,0.8630
14.5195,T000001,veh1,seg2,prediction_only,104.3978,-28.4689,252.7092,,,,,,,,,,,103.9341,-29.4615,13.7806,-9.1725,-0.1185,-5.8595,257.2569,0.4531,2.1089,1.0957
14.5325,T000001,veh1,seg2,prediction_only,104.5880,-28.5253,252.9075,,,,,,,,,,,104.1126,-29.5809,13.7790,-9.2485,-0.1185,-5.8595,257.4717,0.4763,2.1846,1.1576
14.5454,T000001,veh1,seg2,prediction_only,104.8203,-28.4153,253.1646,,,,,,,,,,,104.2911,-29.7012,13.7775,-9.3244,-0.1185,-5.8595,257.6869,0.5006,2.2620,1.3905
14.5461,T000001,veh1,seg2,position+velocity,104.8203,-28.4153,253.1646,,,,,,,105.4045,-29.3568,103.8588,254.0637,104.6266,-29.6049,15.0422,-8.9362,2.4549,-5.0692,258.0359,0.4218,2.0080,1.2053
14.5590,T000001,veh1,seg2,prediction_only,105.0604,-28.3306,253.4192,,,,,,,,,,,104.8217,-29.7211,15.0740,-9.0019,2.4549,-5.0692,258.2630,0.4433,2.0817,1.4109
14.5720,T000001,veh1,seg2,prediction_only,105.2421,-28.4233,253.6232,,,,,,,,,,,105.0171,-29.8382,15.1058,-9.0675,2.4549,-5.0692,258.4909,0.4659,2.1570,1.4326
14.5849,T000001,veh1,seg2,prediction_only,105.4565,-28.3873,253.8406,,,,,,,,,,,105.2130,-29.9561,15.1376,-9.1332,2.4549,-5.0692,258.7195,0.4897,2.2340,1.5875
14.5857,T000001,veh1,seg2,position+velocity,105.4565,-28.3873,253.8406,,,,,,,105.3405,-28.1760,104.4686,253.8406,105.2466,-29.3799,15.1912,-6.8332,2.4884,-0.2792,259.2966,0.4075,1.9731,1.0146
14.5987,T000001,veh1,seg2,prediction_only,105.6443,-28.5077,254.0637,,,,,,,,,,,105.4436,-29.4685,15.2235,-6.8368,2.4884,-0.2792,259.5126,0.4283,2.0464,0.9815
14.6116,T000001,veh1,seg2,prediction_only,105.8559,-28.4790,254.2772,,,,,,,,,,,105.6411,-29.5571,15.2557,-6.8404,2.4884,-0.2792,259.7290,0.4502,2.1212,1.0993
14.6246,T000001,veh1,seg2,prediction_only,106.0559,-28.4992,254.4782,,,,,,,,,,,105.8389,-29.6457,15.2879,-6.8440,2.4884,-0.2792,259.9458,0.4732,2.1977,1.1668
14.6252,T000001,veh1,seg2,position+velocity,106.0559,-28.4992,254.4782,,,,,,,105.4231,-28.1470,105.0770,253.8406,105.7109,-29.1937,14.7321,-5.0746,1.3084,3.3200,260.4155,0.3961,1.9548,0.7755
14.6382,T000001,veh1,seg2,prediction_only,106.2940,-28.4144,254.7309,,,,,,,,,,,105.9018,-29.2592,14.7491,-5.0316,1.3084,3.3200,260.6174,0.4164,2.0280,0.9313
14.6511,T000001,veh1,seg2,prediction_only,106.4772,-28.5012,254.9337,,,,,,,,,,,106.0930,-29.3241,14.7660,-4.9886,1.3084,3.3200,260.8193,0.4379,2.1027,0.9082
14.6641,T000001,veh1,seg2,prediction_only,106.6517,-28.6259,255.1482,,,,,,,,,,,106.2844,-29.3885,14.7830,-4.9456,1.3084,3.3200,261.0212,0.4605,2.1792,0.8464
14.6648,T000001,veh1,seg2,position+velocity,106.6517,-28.6259,255.1482,,,,,,,106.1115,-28.5070,105.6857,254.4782,106.2428,-29.1367,14.5904,-3.9620,0.9273,5.2931,261.2764,0.3877,1.9488,0.6543
14.6777,T000001,veh1,seg2,prediction_only,106.8708,-28.6215,255.3673,,,,,,,,,,,106.4319,-29.1876,14.6024,-3.8935,0.9273,5.2931,261.4722,0.4077,2.0221,0.7163
14.6907,T000001,veh1,seg2,prediction_only,107.1036,-28.4222,255.6737,,,,,,,,,,,106.6211,-29.2376,14.6144,-3.8249,0.9273,5.2931,261.6679,0.4290,2.0969,0.9474
14.7029,T000001,veh1,seg2,position+velocity,107.3453,-28.2808,255.9538,,,,,,,107.5695,-27.5249,106.2730,255.9538,107.1010,-28.6167,15.8757,-1.0578,3.6123,10.9776,262.4526,0.3579,1.8783,0.4154
14.7158,T000001,veh1,seg2,prediction_only,107.5448,-28.3866,256.1796,,,,,,,,,,,107.3070,-28.6295,15.9225,-0.9156,3.6123,10.9776,262.6590,0.3767,1.9506,0.3399
14.7288,T000001,veh1,seg2,prediction_only,107.7345,-28.3176,256.3814,,,,,,,,,,,107.5136,-28.6404,15.9693,-0.7734,3.6123,10.9776,262.8659,0.3967,2.0244,0.3911
14.7399,T000001,veh1,seg2,position+velocity,107.9052,-28.3982,256.5702,,,,,,,108.2124,-28.4971,106.8446,256.7889,107.8657,-28.6182,16.7128,-0.5973,5.0784,10.9551,263.2187,0.3384,1.8465,0.2235
14.7529,T000001,veh1,seg2,prediction_only,108.0996,-28.4984,256.7889,,,,,,,,,,,108.0826,-28.6250,16.7786,-0.4554,5.0784,10.9551,263.4358,0.3566,1.9185,0.1277
14.7658,T000001,veh1,seg2,prediction_only,108.0996,-28.4984,256.7889,,,,,,,,,,,108.3004,-28.6300,16.8444,-0.3134,5.0784,10.9551,263.6536,0.3761,1.9921,0.2401
14.7788,T000001,veh1,seg2,prediction_only,108.4961,-28.8183,257.2984,,,,,,,,,,,108.5191,-28.6331,16.9102,-0.1715,5.0784,10.9551,263.8723,0.3969,2.0675,0.1866
14.7837,T000001,veh1,seg2,position+velocity,108.4961,-28.8183,257.2984,,,,,,,108.5247,-29.5307,107.5207,257.5308,108.5715,-28.9065,16.7757,-1.3204,4.6837,8.2764,264.1506,0.3431,1.8895,0.1160
14.7967,T000001,veh1,seg2,prediction_only,108.6814,-28.9586,257.5308,,,,,,,,,,,108.7892,-28.9229,16.8363,-1.2132,4.6837,8.2764,264.3689,0.3622,1.9623,0.1136
14.8096,T000001,veh1,seg2,prediction_only,108.8800,-28.9910,257.7321,,,,,,,,,,,109.0077,-28.9379,16.8970,-1.1060,4.6837,8.2764,264.5879,0.3825,2.0366,0.1383
14.8226,T000001,veh1,seg2,prediction_only,109.0640,-29.0825,257.9375,,,,,,,,,,,109.2270,-28.9515,16.9577,-0.9988,4.6837,8.2764,264.8077,0.4041,2.1126,0.2091
14.8236,T000001,veh1,seg2,position+velocity,109.0640,-29.0825,257.9375,,,,,,,108.5913,-29.4452,108.1362,257.5308,109.0607,-29.0793,16.1525,-1.5201,2.8947,7.1637,265.0174,0.3478,1.9193,0.0046
14.8365,T000001,veh1,seg2,prediction_only,109.2928,-29.0481,258.1688,,,,,,,,,,,109.2702,-29.0984,16.1900,-1.4273,2.8947,7.1637,265.2277,0.3674,1.9923,0.0552
14.8495,T000001,veh1,seg2,prediction_only,109.4669,-29.1747,258.3841,,,,,,,,,,,109.4802,-29.1163,16.2275,-1.3345,2.8947,7.1637,265.4385,0.3884,2.0668,0.0599
14.8624,T000001,veh1,seg2,prediction_only,109.7203,-28.9926,258.6962,,,,,,,,,,,109.6906,-29.1330,16.2650,-1.2417,2.8947,7.1637,265.6496,0.4106,2.1430,0.1435
14.8633,T000001,veh1,seg2,position+velocity,109.7203,-28.9926,258.6962,,,,,,,109.6906,-28.4946,108.7502,258.6962,109.7106,-28.9154,16.3227,-0.2337,3.0693,9.4202,265.8681,0.3422,1.9042,0.0778
14.8763,T000001,veh1,seg2,prediction_only,109.9233,-29.0610,258.9105,,,,,,,,,,,109.9223,-28.9177,16.3625,-0.1116,3.0693,9.4202,266.0798,0.3618,1.9765,0.1433
14.8892,T000001,veh1,seg2,prediction_only,110.0742,-29.1311,259.0768,,,,,,,,,,,110.1346,-28.9183,16.4022,0.0104,3.0693,9.4202,266.2920,0.3826,2.0503,0.2212
14.9005,T000001,veh1,seg2,position+velocity,110.2880,-29.0966,259.2934,,,,,,,109.8096,-29.3767,109.3259,258.9105,110.1557,-29.0751,15.6942,-0.6183,1.4294,7.7491,266.4502,0.3348,1.8810,0.1340
14.9135,T000001,veh1,seg2,prediction_only,110.5337,-29.0119,259.5533,,,,,,,,,,,110.3591,-29.0824,15.7127,-0.5179,1.4294,7.7491,266.6538,0.3541,1.9526,0.1883
14.9265,T000001,veh1,seg2,prediction_only,110.7770,-28.8694,259.8353,,,,,,,,,,,110.5628,-29.0885,15.7312,-0.4175,1.4294,7.7491,266.8575,0.3747,2.0259,0.3064
14.9394,T000001,veh1,seg2,prediction_only,110.9967,-28.8250,260.0593,,,,,,,,,,,110.7667,-29.0932,15.7497,-0.3171,1.4294,7.7491,267.0615,0.3965,2.1008,0.3533
14.9406,T000001,veh1,seg2,position+velocity,110.9967,-28.8250,260.0593,,,,,,,111.0750,-28.9818,109.9460,260.0593,110.9125,-29.0402,16.3592,-0.0390,2.8333,8.3918,267.2167,0.3130,1.8062,0.2311
14.9536,T000001,veh1,seg2,prediction_only,111.2095,-28.8529,260.2740,,,,,,,,,,,111.1247,-29.0401,16.3959,0.0697,2.8333,8.3918,267.4289,0.3313,1.8763,0.2055
14.9665,T000001,veh1,seg2,prediction_only,111.3745,-28.9815,260.4832,,,,,,,,,,,111.3373,-29.0384,16.4326,0.1785,2.8333,8.3918,267.6415,0.3508,1.9481,0.0680
14.9795,T000001,veh1,seg2,prediction_only,111.5741,-29.0043,260.6841,,,,,,,,,,,111.5505,-29.0354,16.4693,0.2872,2.8333,8.3918,267.8546,0.3715,2.0216,0.0390
14.9796,T000001,veh1,seg2,position+velocity,111.5741,-29.0043,260.6841,,,,,,,111.3046,-29.4292,110.5498,260.4832,111.4583,-29.1806,16.0179,-0.3908,1.7957,6.8583,268.0266,0.3009,1.7711,0.2109
14.9926,T000001,veh1,seg2,prediction_only,111.7738,-29.0832,260.8988,,,,,,,,,,,111.6660,-29.1851,16.0412,-0.3020,1.7957,6.8583,268.2343,0.3188,1.8406,0.1483
15.0055,T000001,veh1,seg2,prediction_only,111.8979,-29.4077,261.2463,,,,,,,,,,,111.8739,-29.1884,16.0645,-0.2131,1.7957,6.8583,268.4423,0.3378,1.9119,0.2206
15.0185,T000001,veh1,seg2,prediction_only,112.1263,-29.3226,261.4900,,,,,,,,,,,112.0822,-29.1906,16.0877,-0.1243,1.7957,6.8583,268.6505,0.3581,1.9849,0.1392
15.0193,T000001,veh1,seg2,position+velocity,112.1263,-29.3226,261.4900,,,,,,,112.7976,-28.7761,111.1634,262.1288,112.3206,-29.0539,17.1669,0.5427,4.2591,8.3894,268.9253,0.3009,1.7766,0.3315
15.0322,T000001,veh1,seg2,prediction_only,112.3227,-29.4298,261.7138,,,,,,,,,,,112.5433,-29.0462,17.2221,0.6514,4.2591,8.3894,269.1482,0.3191,1.8464,0.4425
15.0452,T000001,veh1,seg2,prediction_only,112.5166,-29.3821,261.9134,,,,,,,,,,,112.7668,-29.0371,17.2773,0.7600,4.2591,8.3894,269.3718,0.3384,1.9178,0.4262
15.0561,T000001,veh1,seg2,position+velocity,112.7186,-29.3072,262.1288,,,,,,,112.2102,-28.9855,111.7336,261.4900,112.6906,-29.0200,16.0325,0.8715,1.2559,8.3985,269.4499,0.2927,1.7481,0.2886
15.0690,T000001,veh1,seg2,prediction_only,112.8868,-29.5123,262.3941,,,,,,,,,,,112.8984,-29.0080,16.0488,0.9803,1.2559,8.3985,269.6580,0.3105,1.8174,0.5044
15.0820,T000001,veh1,seg2,prediction_only,113.0794,-29.5651,262.5938,,,,,,,,,,,113.1064,-28.9946,16.0651,1.0891,1.2559,8.3985,269.8665,0.3296,1.8884,0.5712
15.0949,T000001,veh1,seg2,prediction_only,113.2515,-29.7041,262.8150,,,,,,,,,,,113.3146,-28.9798,16.0813,1.1979,1.2559,8.3985,270.0752,0.3498,1.9612,0.7271
15.0957,T000001,veh1,seg2,position+velocity,113.2515,-29.7041,262.8150,,,,,,,113.1915,-29.0562,112.3479,262.5938,113.2975,-29.0022,15.9693,1.0896,1.0509,8.1303,270.1035,0.2991,1.7699,0.7034
15.1086,T000001,veh1,seg2,prediction_only,113.4672,-29.7200,263.0313,,,,,,,,,,,113.5045,-28.9874,15.9829,1.1949,1.0509,8.1303,270.3110,0.3175,1.8397,0.7336
15.1216,T000001,veh1,seg2,prediction_only,113.6789,-29.7104,263.2432,,,,,,,,,,,113.7116,-28.9712,15.9966,1.3002,1.0509,8.1303,270.5187,0.3371,1.9112,0.7398
15.1345,T000001,veh1,seg2,prediction_only,113.9238,-29.5641,263.5285,,,,,,,,,,,113.9189,-28.9537,16.0102,1.4056,1.0509,8.1303,270.7268,0.3579,1.9845,0.6104
15.1355,T000001,veh1,seg2,position+velocity,113.9238,-29.5641,263.5285,,,,,,,114.0272,-29.9517,112.9650,263.7425,113.9698,-29.3081,16.1918,-0.2939,1.4811,4.2120,271.0848,0.2927,1.7370,0.2600
15.1484,T000001,veh1,seg2,prediction_only,114.1260,-29.6343,263.7425,,,,,,,,,,,114.1797,-29.3116,16.2110,-0.2394,1.4811,4.2120,271.2947,0.3107,1.8062,0.3272
15.1614,T000001,veh1,seg2,prediction_only,114.3806,-29.4439,264.0605,,,,,,,,,,,114.3898,-29.3143,16.2302,-0.1848,1.4811,4.2120,271.5049,0.3299,1.8770,0.1300
15.1743,T000001,veh1,seg2,prediction_only,114.5987,-29.3772,264.2886,,,,,,,,,,,114.6002,-29.3164,16.2493,-0.1302,1.4811,4.2120,271.7153,0.3503,1.9496,0.0608
15.1747,T000001,veh1,seg2,position+velocity,114.5987,-29.3772,264.2886,,,,,,,114.6796,-29.2438,113.5731,264.2886,114.6350,-29.2681,16.3872,0.1616,1.7882,4.9989,271.7748,0.2723,1.6570,0.1149
15.1876,T000001,veh1,seg2,prediction_only,114.7702,-29.4591,264.4786,,,,,,,,,,,114.8474,-29.2656,16.4103,0.2263,1.7882,4.9989,271.9872,0.2892,1.7247,0.2083
15.2006,T000001,veh1,seg2,prediction_only,114.9662,-29.5108,264.6813,,,,,,,,,,,115.0602,-29.2622,16.4335,0.2911,1.7882,4.9989,272.2000,0.3072,1.7942,0.2658
15.2127,T000001,veh1,seg2,position+velocity,115.1568,-29.5789,264.8837,,,,,,,114.8827,-29.4937,114.1637,264.6813,115.1195,-29.3459,15.7652,-0.0790,0.1616,3.9836,272.3025,0.2623,1.6248,0.2360
15.2257,T000001,veh1,seg2,prediction_only,115.3781,-29.5731,265.1051,,,,,,,,,,,115.3237,-29.3466,15.7673,-0.0274,0.1616,3.9836,272.5068,0.2787,1.6924,0.2329
15.2386,T000001,veh1,seg2,prediction_only,115.6102,-29.4715,265.3585,,,,,,,,,,,115.5280,-29.3466,15.7694,0.0242,0.1616,3.9836,272.7110,0.2963,1.7617,0.1495
15.2516,T000001,veh1,seg2,prediction_only,115.8200,-29.4643,265.5684,,,,,,,,,,,115.7323,-29.3459,15.7715,0.0758,0.1616,3.9836,272.9154,0.3151,1.8329,0.1473
15.2523,T000001,veh1,seg2,position+velocity,115.8200,-29.4643,265.5684,,,,,,,115.0945,-29.6208,114.7783,264.8837,115.4773,-29.4574,14.4690,-0.4626,-2.8999,2.7212,273.1936,0.2454,1.5679,0.3428
15.2652,T000001,veh1,seg2,prediction_only,116.0184,-29.5466,265.7832,,,,,,,,,,,115.6645,-29.4632,14.4315,-0.4273,-2.8999,2.7212,273.3809,0.2610,1.6347,0.3636
15.2782,T000001,veh1,seg2,prediction_only,116.2055,-29.6282,265.9873,,,,,,,,,,,115.8512,-29.4685,14.3939,-0.3921,-2.8999,2.7212,273.5677,0.2778,1.7034,0.3886
15.2911,T000001,veh1,seg2,prediction_only,116.3934,-29.7062,266.1908,,,,,,,,,,,116.0374,-29.4733,14.3563,-0.3568,-2.8999,2.7212,273.7540,0.2958,1.7740,0.4254
15.2919,T000001,veh1,seg2,position+velocity,116.3934,-29.7062,266.1908,,,,,,,116.6073,-30.4254,115.3936,266.6973,116.2632,-29.8193,15.4866,-2.1029,-0.0699,-1.5077,274.1671,0.2399,1.5566,0.1724
15.3048,T000001,veh1,seg2,prediction_only,116.6292,-29.6594,266.4312,,,,,,,,,,,116.4638,-29.8466,15.4857,-2.1224,-0.0699,-1.5077,274.3696,0.2555,1.6236,0.2498
15.3178,T000001,veh1,seg2,prediction_only,116.7812,-29.8778,266.6973,,,,,,,,,,,116.6644,-29.8743,15.4848,-2.1420,-0.0699,-1.5077,274.5721,0.2723,1.6923,0.1168
15.3307,T000001,veh1,seg2,prediction_only,116.9888,-29.8726,266.9049,,,,,,,,,,,116.8650,-29.9021,15.4839,-2.1615,-0.0699,-1.5077,274.7746,0.2903,1.7630,0.1273
15.3316,T000001,veh1,seg2,position+velocity,116.9888,-29.8726,266.9049,,,,,,,117.0475,-30.2978,116.0116,267.1078,116.9303,-30.0291,15.7208,-2.7587,0.4543,-2.8718,274.9174,0.2376,1.5524,0.1671
15.3446,T000001,veh1,seg2,prediction_only,117.1891,-29.9049,267.1078,,,,,,,,,,,117.1340,-30.0651,15.7267,-2.7959,0.4543,-2.8718,275.1242,0.2534,1.6194,0.1694
15.3575,T000001,veh1,seg2,prediction_only,117.3955,-29.9134,267.3143,,,,,,,,,,,117.3378,-30.1016,15.7326,-2.8331,0.4543,-2.8718,275.3312,0.2703,1.6883,0.1968
15.3705,T000001,veh1,seg2,position+velocity,117.5827,-29.9895,267.5164,,,,,,,116.9506,-29.7843,116.6160,266.9049,117.3271,-30.0049,14.6042,-2.1476,-2.3925,-1.0239,275.4284,0.2347,1.5403,0.2561
15.3835,T000001,veh1,seg2,prediction_only,117.7767,-30.0973,267.7384,,,,,,,,,,,117.5160,-30.0328,14.5732,-2.1609,-2.3925,-1.0239,275.6195,0.2504,1.6072,0.2685
15.3964,T000001,veh1,seg2,prediction_only,117.9878,-30.0850,267.9498,,,,,,,,,,,117.7046,-30.0609,14.5422,-2.1742,-2.3925,-1.0239,275.8101,0.2673,1.6758,0.2842
15.4094,T000001,veh1,seg2,prediction_only,118.1745,-30.1660,268.1534,,,,,,,,,,,117.8928,-30.0892,14.5112,-2.1874,-2.3925,-1.0239,276.0004,0.2854,1.7464,0.2920
15.4102,T000001,veh1,seg2,position+velocity,118.1745,-30.1660,268.1534,,,,,,,118.3800,-29.9028,117.2331,268.1534,118.0803,-30.0306,15.4684,-1.8873,0.0788,-0.3063,276.1969,0.2346,1.5356,0.1650
15.4231,T000001,veh1,seg2,prediction_only,118.3124,-30.4378,268.4581,,,,,,,,,,,118.2807,-30.0550,15.4694,-1.8913,0.0788,-0.3063,276.3988,0.2504,1.6024,0.3841
15.4361,T000001,veh1,seg2,prediction_only,118.5289,-30.3187,268.7053,,,,,,,,,,,118.4811,-30.0796,15.4704,-1.8953,0.0788,-0.3063,276.6007,0.2675,1.6709,0.2439
15.4478,T000001,veh1,seg2,position+velocity,118.7451,-30.2970,268.9226,,,,,,,118.7592,-30.3542,117.8184,268.9226,118.6887,-30.1925,15.5896,-2.3878,0.3277,-1.5573,276.8370,0.2326,1.5215,0.1188
15.4607,T000001,veh1,seg2,prediction_only,118.9930,-30.1938,269.1911,,,,,,,,,,,118.8907,-30.2235,15.5939,-2.4080,0.3277,-1.5573,277.0413,0.2484,1.5880,0.1065
15.4737,T000001,veh1,seg2,prediction_only,119.1679,-30.3021,269.3968,,,,,,,,,,,119.0927,-30.2549,15.5981,-2.4282,0.3277,-1.5573,277.2458,0.2654,1.6563,0.0888
15.4866,T000001,veh1,seg2,prediction_only,119.3811,-30.2532,269.6155,,,,,,,,,,,119.2948,-30.2864,15.6024,-2.4483,0.3277,-1.5573,277.4504,0.2834,1.7265,0.0924
15.4867,T000001,veh1,seg2,position+velocity,119.3811,-30.2532,269.6155,,,,,,,119.3460,-30.8251,118.4240,269.8337,119.3135,-30.4947,15.6919,-3.5364,0.5404,-4.2775,277.6594,0.2244,1.4808,0.2507
15.4996,T000001,veh1,seg2,prediction_only,119.5798,-30.3434,269.8337,,,,,,,,,,,119.5168,-30.5408,15.6989,-3.5918,0.5404,-4.2775,277.8679,0.2397,1.5466,0.2073
15.5126,T000001,veh1,seg2,prediction_only,119.7997,-30.2962,270.0586,,,,,,,,,,,119.7203,-30.5877,15.7059,-3.6473,0.5404,-4.2775,278.0767,0.2561,1.6141,0.3022
15.5255,T000001,veh1,seg2,prediction_only,120.0277,-30.2171,270.2999,,,,,,,,,,,119.9238,-30.6353,15.7129,-3.7027,0.5404,-4.2775,278.2857,0.2736,1.6837,0.4309
15.5264,T000001,veh1,seg2,position+velocity,120.0277,-30.2171,270.2999,,,,,,,119.9060,-30.2296,119.0418,270.2999,119.9225,-30.4530,15.6348,-2.6834,0.3319,-1.5881,278.4680,0.2115,1.4254,0.2583
15.5393,T000001,veh1,seg2,prediction_only,120.2701,-30.1425,270.5536,,,,,,,,,,,120.1251,-30.4879,15.6391,-2.7040,0.3319,-1.5881,278.6736,0.2260,1.4902,0.3746
15.5523,T000001,veh1,seg2,prediction_only,120.4733,-30.1640,270.7579,,,,,,,,,,,120.3277,-30.5231,15.6434,-2.7246,0.3319,-1.5881,278.8792,0.2416,1.5568,0.3874
15.5652,T000001,veh1,seg2,prediction_only,120.6454,-30.3024,270.9787,,,,,,,,,,,120.5304,-30.5585,15.6477,-2.7451,0.3319,-1.5881,279.0850,0.2583,1.6255,0.2807
15.5662,T000001,veh1,seg2,position+velocity,120.6454,-30.3024,270.9787,,,,,,,120.3528,-30.2498,119.6615,270.5536,120.4659,-30.4382,15.2207,-2.1047,-0.7736,0.0266,279.2215,0.2023,1.3914,0.2251
15.5791,T000001,veh1,seg2,prediction_only,120.8309,-30.4462,271.2135,,,,,,,,,,,120.6630,-30.4654,15.2107,-2.1043,-0.7736,0.0266,279.4205,0.2163,1.4558,0.1690
15.5921,T000001,veh1,seg2,prediction_only,121.0440,-30.4236,271.4277,,,,,,,,,,,120.8600,-30.4927,15.2006,-2.1040,-0.7736,0.0266,279.6194,0.2315,1.5221,0.1965
15.6050,T000001,veh1,seg2,prediction_only,121.2735,-30.3352,271.6737,,,,,,,,,,,121.0568,-30.5200,15.1906,-2.1037,-0.7736,0.0266,279.8181,0.2478,1.5904,0.2847
15.6058,T000001,veh1,seg2,position+velocity,121.2735,-30.3352,271.6737,,,,,,,121.5030,-30.4997,120.2784,271.9266,121.2443,-30.5179,16.1700,-2.1025,1.8393,-0.0139,280.0056,0.1964,1.3721,0.1849
15.6187,T000001,veh1,seg2,prediction_only,121.5147,-30.2594,271.9266,,,,,,,,,,,121.4540,-30.5451,16.1938,-2.1027,1.8393,-0.0139,280.2170,0.2103,1.4363,0.2921
15.6317,T000001,veh1,seg2,prediction_only,121.7416,-30.1883,272.1643,,,,,,,,,,,121.6639,-30.5724,16.2177,-2.1029,1.8393,-0.0139,280.4287,0.2253,1.5025,0.3918
15.6446,T000001,veh1,seg2,prediction_only,121.9247,-30.2818,272.3700,,,,,,,,,,,121.8741,-30.5996,16.2415,-2.1031,1.8393,-0.0139,280.6407,0.2414,1.5707,0.3218
15.6455,T000001,veh1,seg2,position+velocity,121.9247,-30.2818,272.3700,,,,,,,122.5059,-30.1607,120.8964,272.9970,122.1235,-30.4288,17.5345,-1.1405,5.2364,2.5585,280.9429,0.1922,1.3575,0.2472
15.6584,T000001,veh1,seg2,prediction_only,122.1425,-30.2146,272.5979,,,,,,,,,,,122.3511,-30.4434,17.6023,-1.1074,5.2364,2.5585,281.1710,0.2060,1.4216,0.3096
15.6714,T000001,veh1,seg2,prediction_only,122.3277,-30.2452,272.7856,,,,,,,,,,,122.5796,-30.4575,17.6701,-1.0743,5.2364,2.5585,281.3999,0.2210,1.4876,0.3294
15.6830,T000001,veh1,seg2,position+velocity,122.5089,-30.3541,272.9970,,,,,,,122.1176,-30.1157,121.4804,272.5979,122.5223,-30.3422,16.2104,-0.3488,1.0427,4.3815,281.5287,0.1883,1.3424,0.0179
15.6960,T000001,veh1,seg2,prediction_only,122.7063,-30.3126,273.1987,,,,,,,,,,,122.7324,-30.3464,16.2239,-0.2921,1.0427,4.3815,281.7388,0.2020,1.4064,0.0427
15.7089,T000001,veh1,seg2,prediction_only,122.9063,-30.3590,273.4040,,,,,,,,,,,122.9427,-30.3498,16.2374,-0.2353,1.0427,4.3815,281.9491,0.2168,1.4722,0.0375
15.7200,T000001,veh1,seg2,position+velocity,123.0899,-30.4054,273.5934,,,,,,,123.5194,-30.0881,122.0562,273.5934,123.2799,-30.2595,17.1840,0.3212,3.6805,5.7200,282.2981,0.1854,1.3299,0.2395
15.7329,T000001,veh1,seg2,prediction_only,123.2651,-30.5778,273.8392,,,,,,,,,,,123.5028,-30.2549,17.2317,0.3953,3.6805,5.7200,282.5211,0.1991,1.3937,0.4010
15.7459,T000001,veh1,seg2,prediction_only,123.4539,-30.6579,274.0442,,,,,,,,,,,123.7263,-30.2493,17.2793,0.4694,3.6805,5.7200,282.7447,0.2138,1.4594,0.4911
15.7588,T000001,veh1,seg2,prediction_only,123.6255,-30.8019,274.2683,,,,,,,,,,,123.9505,-30.2427,17.3270,0.5435,3.6805,5.7200,282.9690,0.2297,1.5273,0.6467
15.7596,T000001,veh1,seg2,position+velocity,123.6255,-30.8019,274.2683,,,,,,,123.5493,-30.3106,122.6729,274.0442,123.8056,-30.2718,16.3991,0.3620,1.0656,5.1709,283.1167,0.1865,1.3306,0.5598
15.7725,T000001,veh1,seg2,prediction_only,123.8276,-30.8724,274.4823,,,,,,,,,,,124.0181,-30.2667,16.4129,0.4290,1.0656,5.1709,283.3293,0.2003,1.3945,0.6350
15.7855,T000001,veh1,seg2,prediction_only,124.0174,-30.9463,274.6860,,,,,,,,,,,124.2309,-30.2607,16.4267,0.4960,1.0656,5.1709,283.5421,0.2152,1.4603,0.7181
15.7985,T000001,veh1,seg2,prediction_only,124.2093,-31.0090,274.8879,,,,,,,,,,,124.4438,-30.2538,16.4405,0.5630,1.0656,5.1709,283.7551,0.2312,1.5281,0.7907
15.7992,T000001,veh1,seg2,position+velocity,124.2093,-31.0090,274.8879,,,,,,,124.3319,-30.8692,123.2896,274.8879,124.4170,-30.4789,16.2385,-0.7271,0.5596,1.6067,283.9817,0.1876,1.3276,0.5694
15.8122,T000001,veh1,seg2,prediction_only,124.3354,-31.3662,275.2667,,,,,,,,,,,124.6275,-30.4882,16.2458,-0.7063,0.5596,1.6067,284.1924,0.2015,1.3914,0.9253
15.8251,T000001,veh1,seg2,prediction_only,124.4700,-31.5909,275.5286,,,,,,,,,,,124.8380,-30.4972,16.2530,-0.6855,0.5596,1.6067,284.4031,0.2164,1.4570,1.1540
15.8367,T000001,veh1,seg2,position+velocity,124.6529,-31.6302,275.7157,,,,,,,125.0590,-31.9644,123.8725,276.1821,125.0370,-30.9228,16.3308,-3.0350,0.7695,-4.8669,284.8729,0.1964,1.3589,0.8049
15.8496,T000001,veh1,seg2,prediction_only,124.8515,-31.7178,275.9328,,,,,,,,,,,125.2486,-30.9626,16.3408,-3.0981,0.7695,-4.8669,285.0883,0.2109,1.4233,0.8532
15.8626,T000001,veh1,seg2,prediction_only,125.0092,-31.9109,276.1821,,,,,,,,,,,125.4603,-31.0031,16.3507,-3.1611,0.7695,-4.8669,285.3039,0.2264,1.4897,1.0137
15.8755,T000001,veh1,seg2,prediction_only,125.2200,-31.8956,276.3934,,,,,,,,,,,125.6722,-31.0445,16.3607,-3.2242,0.7695,-4.8669,285.5198,0.2431,1.5580,0.9638
15.8762,T000001,veh1,seg2,position+velocity,125.2200,-31.8956,276.3934,,,,,,,125.6767,-31.9457,124.4875,276.8198,125.6805,-31.2859,16.3472,-4.5180,0.7279,-8.2481,285.7613,0.2078,1.3938,0.7641
15.8891,T000001,veh1,seg2,prediction_only,125.4339,-31.9152,276.6082,,,,,,,,,,,125.8923,-31.3451,16.3567,-4.6248,0.7279,-8.2481,285.9813,0.2229,1.4588,0.7316
15.9021,T000001,veh1,seg2,prediction_only,125.6128,-32.0281,276.8198,,,,,,,,,,,126.1042,-31.4057,16.3661,-4.7317,0.7279,-8.2481,286.2017,0.2391,1.5257,0.7930
15.9150,T000001,veh1,seg2,prediction_only,125.7655,-32.2413,277.0821,,,,,,,,,,,126.3163,-31.4677,16.3755,-4.8385,0.7279,-8.2481,286.4227,0.2563,1.5946,0.9496
15.9156,T000001,veh1,seg2,position+velocity,125.7655,-32.2413,277.0821,,,,,,,125.8547,-31.7931,125.1014,276.8198,126.1966,-31.5449,15.6639,-5.2214,-1.1966,-9.1843,286.5651,0.2215,1.4342,0.8190
15.9285,T000001,veh1,seg2,prediction_only,125.9525,-32.3721,277.3103,,,,,,,,,,,126.3994,-31.6133,15.6484,-5.3404,-1.1966,-9.1843,286.7791,0.2373,1.4998,0.8807
15.9415,T000001,veh1,seg2,prediction_only,126.1426,-32.3537,277.5012,,,,,,,,,,,126.6021,-31.6833,15.6329,-5.4594,-1.1966,-9.1843,286.9935,0.2541,1.5673,0.8128
15.9539,T000001,veh1,seg2,position+velocity,126.3248,-32.4593,277.7119,,,,,,,125.8518,-32.7852,125.6971,277.3103,126.5370,-32.0368,14.2458,-7.0957,-4.8024,-13.2011,287.3530,0.2325,1.4594,0.4727
15.9668,T000001,veh1,seg2,prediction_only,126.5460,-32.4559,277.9330,,,,,,,,,,,126.7211,-32.1299,14.1836,-7.2667,-4.8024,-13.2011,287.5593,0.2487,1.5253,0.3701
15.9798,T000001,veh1,seg2,prediction_only,126.7409,-32.4996,278.1328,,,,,,,,,,,126.9045,-32.2251,14.1214,-7.4377,-4.8024,-13.2011,287.7659,0.2658,1.5930,0.3195
15.9927,T000001,veh1,seg2,prediction_only,126.9017,-32.6837,278.3773,,,,,,,,,,,127.0870,-32.3226,14.0592,-7.6087,-4.8024,-13.2011,287.9729,0.2840,1.6627,0.4059
15.9933,T000001,veh1,seg2,position+velocity,126.9017,-32.6837,278.3773,,,,,,,127.0491,-32.9503,126.3115,278.3773,127.0969,-32.4903,14.0949,-8.4367,-4.6166,-15.2535,288.1408,0.2433,1.4826,0.2748
16.0063,T000001,veh1,seg2,prediction_only,127.1466,-32.5856,278.6411,,,,,,,,,,,127.2791,-32.6008,14.0351,-8.6343,-4.6166,-15.2535,288.3540,0.2597,1.5488,0.1334
16.0192,T000001,veh1,seg2,prediction_only,127.3264,-32.7066,278.8579,,,,,,,,,,,127.4605,-32.7140,13.9753,-8.8319,-4.6166,-15.2535,288.5678,0.2772,1.6166,0.1343
16.0322,T000001,veh1,seg2,prediction_only,127.5682,-32.5749,279.1332,,,,,,,,,,,127.6412,-32.8297,13.9155,-9.0295,-4.6166,-15.2535,288.7823,0.2957,1.6865,0.2650
16.0331,T000001,veh1,seg2,position+velocity,127.5682,-32.5749,279.1332,,,,,,,127.2283,-32.4390,126.9307,278.6411,127.5014,-32.6817,13.1353,-8.2185,-6.6096,-13.0513,288.9859,0.2411,1.4534,0.1260
16.0460,T000001,veh1,seg2,prediction_only,127.7240,-32.6907,279.3273,,,,,,,,,,,127.6710,-32.7893,13.0496,-8.3876,-6.6096,-13.0513,289.1867,0.2570,1.5187,0.1119
16.0590,T000001,veh1,seg2,prediction_only,127.9802,-32.5014,279.6458,,,,,,,,,,,127.8395,-32.8990,12.9640,-8.5567,-6.6096,-13.0513,289.3878,0.2739,1.5857,0.4218
16.0705,T000001,veh1,seg2,position+velocity,128.1614,-32.6046,279.8544,,,,,,,128.4403,-31.9931,127.5130,280.2904,128.1642,-32.6270,13.7924,-6.8527,-4.2433,-8.3350,289.8115,0.2326,1.4121,0.0226
16.0834,T000001,veh1,seg2,prediction_only,128.3659,-32.6718,280.0696,,,,,,,,,,,128.3426,-32.7165,13.7374,-6.9607,-4.2433,-8.3350,290.0110,0.2478,1.4768,0.0504
16.0964,T000001,veh1,seg2,prediction_only,128.5836,-32.6350,280.2904,,,,,,,,,,,128.5202,-32.8073,13.6824,-7.0686,-4.2433,-8.3350,290.2105,0.2639,1.5433,0.1836
16.1094,T000001,veh1,seg2,prediction_only,128.7975,-32.6330,280.5043,,,,,,,,,,,128.6971,-32.8996,13.6274,-7.1766,-4.2433,-8.3350,290.4100,0.2810,1.6118,0.2849
16.1105,T000001,veh1,seg2,position+velocity,128.7975,-32.6330,280.5043,,,,,,,129.3777,-32.4232,128.1364,281.1978,128.9689,-32.7327,14.8878,-6.3517,-1.0296,-6.3048,290.7290,0.2236,1.3798,0.1984
16.1235,T000001,veh1,seg2,prediction_only,129.0029,-32.6964,280.7193,,,,,,,,,,,129.1617,-32.8156,14.8745,-6.4333,-1.0296,-6.3048,290.9388,0.2380,1.4442,0.1985
16.1365,T000001,veh1,seg2,prediction_only,129.2363,-32.5584,280.9904,,,,,,,,,,,129.3543,-32.8994,14.8612,-6.5150,-1.0296,-6.3048,291.1489,0.2535,1.5105,0.3608
16.1494,T000001,veh1,seg2,prediction_only,129.4438,-32.5575,281.1978,,,,,,,,,,,129.5468,-32.9844,14.8478,-6.5967,-1.0296,-6.3048,291.3592,0.2700,1.5788,0.4391
16.1496,T000001,veh1,seg2,position+velocity,129.4438,-32.5575,281.1978,,,,,,,129.7709,-32.5010,128.7443,281.4218,129.6343,-32.7842,15.2410,-5.6043,-0.0977,-3.7801,291.5777,0.2075,1.3309,0.2961
16.1625,T000001,veh1,seg2,prediction_only,129.6427,-32.6602,281.4218,,,,,,,,,,,129.8317,-32.8571,15.2397,-5.6533,-0.0977,-3.7801,291.7882,0.2210,1.3948,0.2729
16.1755,T000001,veh1,seg2,prediction_only,129.8154,-32.8039,281.6463,,,,,,,,,,,130.0292,-32.9306,15.2385,-5.7022,-0.0977,-3.7801,291.9989,0.2356,1.4607,0.2485
16.1885,T000001,veh1,seg2,prediction_only,130.0665,-32.6329,281.9502,,,,,,,,,,,130.2266,-33.0048,15.2372,-5.7512,-0.0977,-3.7801,292.2097,0.2512,1.5286,0.4048
16.1896,T000001,veh1,seg2,position+velocity,130.0665,-32.6329,281.9502,,,,,,,130.2336,-32.3679,129.3664,281.9502,130.2359,-32.7596,15.1854,-4.4743,-0.2681,-0.4231,292.4551,0.1987,1.3188,0.2115
16.2025,T000001,veh1,seg2,prediction_only,130.2683,-32.7105,282.1663,,,,,,,,,,,130.4326,-32.8176,15.1820,-4.4798,-0.2681,-0.4231,292.6602,0.2119,1.3829,0.1962
16.2155,T000001,veh1,seg2,prediction_only,130.4450,-32.8273,282.3782,,,,,,,,,,,130.6293,-32.8757,15.1785,-4.4853,-0.2681,-0.4231,292.8652,0.2263,1.4490,0.1905
16.2284,T000001,veh1,seg2,prediction_only,130.6496,-32.8424,282.5833,,,,,,,,,,,130.8259,-32.9339,15.1750,-4.4907,-0.2681,-0.4231,293.0702,0.2417,1.5171,0.1986
16.2292,T000001,veh1,seg2,position+velocity,130.6496,-32.8424,282.5833,,,,,,,130.9896,-32.4313,129.9831,282.5833,130.8953,-32.7544,15.4852,-3.5510,0.5768,2.0467,293.2627,0.1940,1.3217,0.2609
